ticker,sector,sector_etf,signal,close,qv_score,fi_score,theme_score,f_score,fund_composite,rs_rating,trend_template,not_extended,breakout,volume_ok,exit_active,exit_reasons,entry_reasons,entry_blockers,fi_flags,pct_above_sma50,high_52w,low_52w
LRCX,Technology,XLK,COMPRA,297.1700134277344,43.798449612403104,40.0,88.88888888888889,0,64.24160206718346,97.28155339805825,True,True,True,True,False,[],"['Patrón de tendencia alcista (Stage 2)', 'No extendida (24% sobre SMA50)', 'Fuerza relativa alta (RS 97/100)', 'Línea de fuerza relativa en máximos', 'Breakout sobre pivot con volumen 1.4× lo normal']",[],"['Revisiones de analistas al alza', 'Beat consistente últimos 2 trimestres']",0.24284845831929103,297.1700134277344,72.62785339355469
EME,Industrials,XLI,EVITAR,943.75,48.837209302325576,0.0,38.88888888888889,0,46.75710594315245,91.84466019417475,True,True,True,True,True,['Fuerza relativa rompiendo: RS-line bajo su SMA50 durante 5 sesiones seguidas'],"['Patrón de tendencia alcista (Stage 2)', 'No extendida (20% sobre SMA50)', 'Fuerza relativa alta (RS 92/100)', 'Línea de fuerza relativa en máximos', 'Breakout sobre pivot con volumen 1.4× lo normal']",[],"['Beat consistente últimos 2 trimestres', 'Margen bruto en contracción']",0.20375877039205462,943.75,432.2416687011719
CMI,Industrials,XLI,EVITAR,715.760009765625,41.08527131782946,-40.0,38.88888888888889,0,36.656330749354005,93.98058252427185,True,True,True,True,True,['Fuerza relativa rompiendo: RS-line bajo su SMA50 durante 5 sesiones seguidas'],"['Patrón de tendencia alcista (Stage 2)', 'No extendida (22% sobre SMA50)', 'Fuerza relativa alta (RS 94/100)', 'Línea de fuerza relativa en máximos', 'Breakout sobre pivot con volumen 1.5× lo normal']",[],"['Miss consistente últimos 2 trimestres', 'Margen bruto en contracción']",0.21584843910549023,715.760009765625,292.501220703125
STX,Technology,XLK,OBSERVAR,786.4199829101562,99.6124031007752,60.0,88.88888888888889,0,90.06718346253231,99.02912621359224,True,False,True,False,False,[],"['Patrón de tendencia alcista (Stage 2)', 'Fuerza relativa alta (RS 99/100)', 'Línea de fuerza relativa en máximos']","['Demasiado extendida (63% sobre SMA50)', 'Breakout sin confirmación de volumen']","['Revisiones de analistas al alza', 'Beat consistente últimos 2 trimestres', 'Margen bruto en expansión los últimos 4 trimestres']",0.6331593300913759,786.4199829101562,92.70516967773438
ADI,Technology,XLK,OBSERVAR,415.6300048828125,80.81395348837209,40.0,88.88888888888889,0,79.04780361757106,94.1747572815534,True,True,True,False,False,[],"['Patrón de tendencia alcista (Stage 2)', 'No extendida (20% sobre SMA50)', 'Fuerza relativa alta (RS 94/100)', 'Línea de fuerza relativa en máximos']",['Breakout sin confirmación de volumen'],"['Revisiones de analistas al alza', 'Margen bruto en expansión los últimos 4 trimestres']",0.20095628096310392,415.6300048828125,192.66058349609375
AVGO,Technology,XLK,OBSERVAR,425.44000244140625,89.14728682170544,20.0,88.88888888888889,0,78.88113695090439,91.06796116504854,True,True,False,False,False,[],"['Patrón de tendencia alcista (Stage 2)', 'No extendida (20% sobre SMA50)', 'Fuerza relativa alta (RS 91/100)']",['Sin breakout reciente sobre resistencia'],['Revisiones de analistas al alza'],0.19894146801248966,427.3599853515625,198.48178100585938
AAPL,Technology,XLK,OBSERVAR,287.510009765625,79.84496124031007,40.0,88.88888888888889,7,78.66020671834625,74.36893203883496,False,True,True,False,False,[],['No extendida (10% sobre SMA50)'],"['Medias móviles no alineadas alcistas', 'Fuerza relativa insuficiente (RS 74)', 'Breakout sin confirmación de volumen']","['Revisiones de analistas al alza', 'Margen bruto en expansión los últimos 4 trimestres']",0.09681804148842699,287.510009765625,194.67758178710938
NVDA,Technology,XLK,OBSERVAR,207.8300018310547,74.4186046511628,40.0,88.88888888888889,5,76.48966408268734,81.35922330097087,True,True,False,False,False,[],"['Patrón de tendencia alcista (Stage 2)', 'No extendida (11% sobre SMA50)', 'Fuerza relativa alta (RS 81/100)']",['Sin breakout reciente sobre resistencia'],"['Revisiones de analistas al alza', 'Margen bruto en expansión los últimos 4 trimestres']",0.10710395749214066,216.61000061035156,113.51325988769531
MU,Technology,XLK,OBSERVAR,666.5900268554688,62.7906976744186,60.0,88.88888888888889,0,75.33850129198967,99.22330097087378,True,False,True,False,False,[],"['Patrón de tendencia alcista (Stage 2)', 'Fuerza relativa alta (RS 99/100)', 'Línea de fuerza relativa en máximos']","['Demasiado extendida (52% sobre SMA50)', 'Breakout sin confirmación de volumen']","['Revisiones de analistas al alza', 'Beat consistente últimos 2 trimestres', 'Margen bruto en expansión los últimos 4 trimestres']",0.5222155818649192,666.5900268554688,80.31775665283203
VRSN,Technology,XLK,OBSERVAR,275.760009765625,87.79069767441861,0.0,88.88888888888889,0,74.83850129198967,57.4757281553398,False,True,False,False,False,[],['No extendida (8% sobre SMA50)'],"['Medias móviles no alineadas alcistas', 'SMA200 sin pendiente alcista', 'Fuerza relativa insuficiente (RS 57)', 'Sin breakout reciente sobre resistencia']",[],0.08239572292251908,303.033447265625,211.49000549316406
WDC,Technology,XLK,OBSERVAR,483.1499938964844,57.94573643410853,60.0,88.88888888888889,0,73.40051679586563,99.6116504854369,True,False,True,False,False,[],"['Patrón de tendencia alcista (Stage 2)', 'Fuerza relativa alta (RS 100/100)', 'Línea de fuerza relativa en máximos']","['Demasiado extendida (47% sobre SMA50)', 'Breakout sin confirmación de volumen']","['Revisiones de analistas al alza', 'Beat consistente últimos 2 trimestres', 'Margen bruto en expansión los últimos 4 trimestres']",0.4724214215970214,483.1499938964844,43.91046142578125
FFIV,Technology,XLK,OBSERVAR,341.0199890136719,73.25581395348837,20.0,88.88888888888889,0,72.52454780361757,78.44660194174757,False,True,True,False,False,[],['No extendida (15% sobre SMA50)'],"['Medias móviles no alineadas alcistas', 'Fuerza relativa insuficiente (RS 78)', 'Breakout sin confirmación de volumen']",['Beat consistente últimos 2 trimestres'],0.1466017159473802,343.1700134277344,223.99000549316406
NXPI,Technology,XLK,OBSERVAR,303.54998779296875,70.93023255813954,20.0,88.88888888888889,0,71.59431524547804,89.90291262135922,False,False,True,True,False,[],"['Fuerza relativa alta (RS 90/100)', 'Línea de fuerza relativa en máximos', 'Breakout sobre pivot con volumen 1.4× lo normal']",['Medias móviles no alineadas alcistas'],['Margen bruto en expansión los últimos 4 trimestres'],0.3928062692913079,303.54998779296875,178.9978790283203
NTAP,Technology,XLK,OBSERVAR,111.73999786376953,70.15503875968993,20.0,88.88888888888889,0,71.28423772609818,59.6116504854369,False,True,False,False,False,[],['No extendida (9% sobre SMA50)'],"['Medias móviles no alineadas alcistas', 'Fuerza relativa insuficiente (RS 60)', 'Sin breakout reciente sobre resistencia']",['Margen bruto en expansión los últimos 4 trimestres'],0.086503567937157,124.56381225585938,90.5090560913086
FSLR,Technology,XLK,OBSERVAR,218.0,59.883720930232556,40.0,88.88888888888889,0,70.67571059431523,59.417475728155345,False,True,True,False,False,[],['No extendida (11% sobre SMA50)'],"['Precio por debajo de SMA150 o SMA200', 'Medias móviles no alineadas alcistas', 'Fuerza relativa insuficiente (RS 59)', 'Breakout sin confirmación de volumen']","['Revisiones de analistas al alza', 'Margen bruto en expansión los últimos 4 trimestres']",0.10534887111856034,284.5899963378906,126.76000213623047
FTNT,Technology,XLK,OBSERVAR,89.94999694824219,72.67441860465115,0.0,88.88888888888889,0,68.79198966408268,36.89320388349515,False,True,True,False,False,[],['No extendida (9% sobre SMA50)'],"['Medias móviles no alineadas alcistas', 'SMA200 sin pendiente alcista', 'Fuerza relativa insuficiente (RS 37)', 'Breakout sin confirmación de volumen']","['Beat consistente últimos 2 trimestres', 'Margen bruto en contracción']",0.08798986783651015,107.6500015258789,74.38999938964844
TER,Technology,XLK,OBSERVAR,382.4800109863281,41.47286821705426,60.0,88.88888888888889,0,66.81136950904393,98.25242718446601,True,True,False,False,False,[],"['Patrón de tendencia alcista (Stage 2)', 'No extendida (15% sobre SMA50)', 'Fuerza relativa alta (RS 98/100)']",['Sin breakout reciente sobre resistencia'],"['Revisiones de analistas al alza', 'Beat consistente últimos 2 trimestres', 'Margen bruto en expansión los últimos 4 trimestres']",0.15241755960916095,418.0799865722656,73.79647064208984
MCHP,Technology,XLK,OBSERVAR,102.91999816894531,52.51937984496124,20.0,88.88888888888889,0,64.22997416020672,93.00970873786409,True,False,True,True,False,[],"['Patrón de tendencia alcista (Stage 2)', 'Fuerza relativa alta (RS 93/100)', 'Línea de fuerza relativa en máximos', 'Breakout sobre pivot con volumen 1.5× lo normal']",['Demasiado extendida (40% sobre SMA50)'],['Margen bruto en expansión los últimos 4 trimestres'],0.39626754881037957,102.91999816894531,45.868316650390625
ARM,Technology,XLK,OBSERVAR,237.3000030517578,51.93798449612403,20.0,88.88888888888889,0,63.997416020671835,95.92233009708738,False,False,False,True,False,[],['Fuerza relativa alta (RS 96/100)'],"['Medias móviles no alineadas alcistas', 'Sin breakout reciente sobre resistencia']",['Revisiones de analistas al alza'],0.5282514071619198,237.3000030517578,104.55000305175781
AKAM,Technology,XLK,OBSERVAR,121.98999786376953,46.12403100775194,20.0,88.88888888888889,0,61.671834625322994,90.87378640776699,False,True,True,False,False,[],"['No extendida (16% sobre SMA50)', 'Fuerza relativa alta (RS 91/100)']",['Breakout sin confirmación de volumen'],['Beat consistente últimos 2 trimestres'],0.1623231361474251,121.98999786376953,70.52999877929688
CSCO,Technology,XLK,OBSERVAR,91.63999938964844,54.06976744186046,0.0,88.88888888888889,0,61.35012919896641,82.91262135922331,True,True,True,False,False,[],"['Patrón de tendencia alcista (Stage 2)', 'No extendida (11% sobre SMA50)', 'Fuerza relativa alta (RS 83/100)']",['Breakout sin confirmación de volumen'],[],0.11256591870154556,94.30000305175781,57.88758087158203
KLAC,Technology,XLK,OBSERVAR,1816.2900390625,53.100775193798455,0.0,88.88888888888889,0,60.9625322997416,94.5631067961165,True,True,False,False,False,[],"['Patrón de tendencia alcista (Stage 2)', 'No extendida (13% sobre SMA50)', 'Fuerza relativa alta (RS 95/100)']",['Sin breakout reciente sobre resistencia'],[],0.13095630632549377,1935.0,674.307373046875
SNPS,Technology,XLK,OBSERVAR,504.4200134277344,51.162790697674424,0.0,88.88888888888889,0,60.187338501292,55.14563106796116,False,True,True,False,False,[],['No extendida (16% sobre SMA50)'],"['Medias móviles no alineadas alcistas', 'SMA200 sin pendiente alcista', 'Fuerza relativa insuficiente (RS 55)', 'Breakout sin confirmación de volumen']","['Revisiones de analistas al alza', 'Margen bruto en contracción']",0.15694732504346673,645.3499755859375,380.4700012207031
LITE,Technology,XLK,OBSERVAR,944.280029296875,32.36434108527132,40.0,88.88888888888889,0,59.66795865633075,99.80582524271846,True,True,False,True,False,[],"['Patrón de tendencia alcista (Stage 2)', 'No extendida (21% sobre SMA50)', 'Fuerza relativa alta (RS 100/100)']",['Sin breakout reciente sobre resistencia'],"['Revisiones de analistas al alza', 'Margen bruto en expansión los últimos 4 trimestres']",0.21017231391307337,994.5599975585938,64.41999816894531
MRVL,Technology,XLK,OBSERVAR,172.14999389648438,31.589147286821706,40.0,88.88888888888889,0,59.3578811369509,97.0873786407767,True,False,True,False,False,[],"['Patrón de tendencia alcista (Stage 2)', 'Fuerza relativa alta (RS 97/100)', 'Línea de fuerza relativa en máximos']","['Demasiado extendida (49% sobre SMA50)', 'Breakout sin confirmación de volumen']","['Revisiones de analistas al alza', 'Margen bruto en expansión los últimos 4 trimestres']",0.49454080690858543,172.14999389648438,56.15818405151367
KEYS,Technology,XLK,OBSERVAR,366.67999267578125,39.34108527131783,20.0,88.88888888888889,0,58.958656330749356,96.50485436893203,True,True,True,False,False,[],"['Patrón de tendencia alcista (Stage 2)', 'No extendida (18% sobre SMA50)', 'Fuerza relativa alta (RS 97/100)', 'Línea de fuerza relativa en máximos']",['Breakout sin confirmación de volumen'],['Revisiones de analistas al alza'],0.18252589772529862,366.67999267578125,146.5399932861328
HPE,Technology,XLK,OBSERVAR,30.3700008392334,27.51937984496124,40.0,88.88888888888889,0,57.729974160206716,90.09708737864077,True,True,True,False,False,[],"['Patrón de tendencia alcista (Stage 2)', 'No extendida (24% sobre SMA50)', 'Fuerza relativa alta (RS 90/100)', 'Línea de fuerza relativa en máximos']",['Breakout sin confirmación de volumen'],"['Beat consistente últimos 2 trimestres', 'Margen bruto en expansión los últimos 4 trimestres']",0.24135899797792598,30.3700008392334,16.083127975463867
CDNS,Technology,XLK,OBSERVAR,354.8999938964844,43.992248062015506,0.0,88.88888888888889,0,57.31912144702843,69.32038834951456,False,True,True,False,False,[],['No extendida (18% sobre SMA50)'],"['Medias móviles no alineadas alcistas', 'Fuerza relativa insuficiente (RS 69)', 'Breakout sin confirmación de volumen']",[],0.17697230916635423,373.3699951171875,265.6600036621094
ASML,Technology,XLK,OBSERVAR,1544.739990234375,41.66666666666667,0.0,88.88888888888889,0,56.38888888888889,93.59223300970874,False,True,True,False,False,[],"['No extendida (11% sobre SMA50)', 'Fuerza relativa alta (RS 94/100)']",['Breakout sin confirmación de volumen'],[],0.10546737462996966,1544.739990234375,674.7026977539062
CIEN,Technology,XLK,OBSERVAR,576.7899780273438,14.34108527131783,60.0,88.88888888888889,0,55.958656330749356,99.41747572815534,True,False,True,False,False,[],"['Patrón de tendencia alcista (Stage 2)', 'Fuerza relativa alta (RS 99/100)', 'Línea de fuerza relativa en máximos']","['Demasiado extendida (35% sobre SMA50)', 'Breakout sin confirmación de volumen']","['Revisiones de analistas al alza', 'Beat consistente últimos 2 trimestres', 'Margen bruto en expansión los últimos 4 trimestres']",0.3450098239264755,576.7899780273438,72.16000366210938
PANW,Technology,XLK,OBSERVAR,183.67999267578125,38.95348837209303,0.0,88.88888888888889,0,55.30361757105943,41.74757281553398,False,True,False,False,False,[],['No extendida (11% sobre SMA50)'],"['Precio por debajo de SMA150 o SMA200', 'Medias móviles no alineadas alcistas', 'SMA200 sin pendiente alcista', 'Fuerza relativa insuficiente (RS 42)', 'Sin breakout reciente sobre resistencia']",[],0.10538195269995038,221.3800048828125,141.6699981689453
MPWR,Technology,XLK,OBSERVAR,1652.3499755859375,28.68217054263566,20.0,88.88888888888889,0,54.695090439276484,95.14563106796116,True,False,False,True,False,[],"['Patrón de tendencia alcista (Stage 2)', 'Fuerza relativa alta (RS 95/100)']","['Demasiado extendida (31% sobre SMA50)', 'Sin breakout reciente sobre resistencia']",['Revisiones de analistas al alza'],0.3104409025216069,1652.3499755859375,618.291748046875
SWKS,Technology,XLK,OBSERVAR,64.97000122070312,25.581395348837212,20.0,88.88888888888889,0,53.45478036175711,42.71844660194174,False,True,True,True,False,[],"['No extendida (12% sobre SMA50)', 'Breakout sobre pivot con volumen 3.0× lo normal']","['Precio por debajo de SMA150 o SMA200', 'Medias móviles no alineadas alcistas', 'SMA200 sin pendiente alcista', 'Fuerza relativa insuficiente (RS 43)']",['Beat consistente últimos 2 trimestres'],0.11696404972236787,81.06295776367188,52.5
XYZ,Technology,XLK,OBSERVAR,70.83000183105469,25.0,20.0,88.88888888888889,0,53.22222222222222,71.06796116504854,False,True,False,False,False,[],['No extendida (10% sobre SMA50)'],"['Medias móviles no alineadas alcistas', 'Fuerza relativa insuficiente (RS 71)', 'Sin breakout reciente sobre resistencia']",['Margen bruto en expansión los últimos 4 trimestres'],0.1020214151657034,81.11000061035156,47.290000915527344
COHR,Technology,XLK,OBSERVAR,344.6700134277344,14.922480620155037,40.0,88.88888888888889,0,52.69121447028424,98.64077669902913,True,True,False,False,False,[],"['Patrón de tendencia alcista (Stage 2)', 'No extendida (21% sobre SMA50)', 'Fuerza relativa alta (RS 99/100)']",['Sin breakout reciente sobre resistencia'],"['Beat consistente últimos 2 trimestres', 'Margen bruto en expansión los últimos 4 trimestres']",0.21457194513770989,350.4700012207031,69.62000274658203
AMAT,Technology,XLK,OBSERVAR,428.6199951171875,29.844961240310074,0.0,88.88888888888889,0,51.66020671834625,96.31067961165049,True,True,True,False,False,[],"['Patrón de tendencia alcista (Stage 2)', 'No extendida (15% sobre SMA50)', 'Fuerza relativa alta (RS 96/100)', 'Línea de fuerza relativa en máximos']",['Breakout sin confirmación de volumen'],[],0.15367181212761963,428.6199951171875,151.67315673828125
JBL,Technology,XLK,OBSERVAR,372.3399963378906,15.11627906976744,20.0,88.88888888888889,0,49.268733850129195,94.75728155339806,True,False,True,True,False,[],"['Patrón de tendencia alcista (Stage 2)', 'Fuerza relativa alta (RS 95/100)', 'Línea de fuerza relativa en máximos', 'Breakout sobre pivot con volumen 2.1× lo normal']",['Demasiado extendida (29% sobre SMA50)'],['Revisiones de analistas al alza'],0.29075064022869923,372.3399963378906,150.0559844970703
CRWD,Technology,XLK,OBSERVAR,468.07000732421875,4.069767441860465,40.0,88.88888888888889,0,48.35012919896641,48.15533980582524,False,True,False,False,False,[],['No extendida (11% sobre SMA50)'],"['Medias móviles no alineadas alcistas', 'SMA200 sin pendiente alcista', 'Fuerza relativa insuficiente (RS 48)', 'Sin breakout reciente sobre resistencia']","['Revisiones de analistas al alza', 'Margen bruto en expansión los últimos 4 trimestres']",0.11472524468261991,557.530029296875,350.25
ORCL,Technology,XLK,OBSERVAR,194.02999877929688,12.209302325581394,20.0,88.88888888888889,0,48.10594315245478,58.44660194174758,False,True,True,False,False,[],"['No extendida (23% sobre SMA50)', 'Línea de fuerza relativa en máximos']","['Precio por debajo de SMA150 o SMA200', 'Medias móviles no alineadas alcistas', 'SMA200 sin pendiente alcista', 'Lejos del máximo de 52 semanas', 'Fuerza relativa insuficiente (RS 58)', 'Breakout sin confirmación de volumen']","['Revisiones de analistas al alza', 'Beat consistente últimos 2 trimestres', 'Margen bruto en contracción']",0.2307633096686571,325.75933837890625,136.00498962402344
DELL,Technology,XLK,OBSERVAR,238.8000030517578,11.434108527131782,20.0,88.88888888888889,0,47.79586563307494,96.11650485436894,True,False,True,False,False,[],"['Patrón de tendencia alcista (Stage 2)', 'Fuerza relativa alta (RS 96/100)', 'Línea de fuerza relativa en máximos']","['Demasiado extendida (36% sobre SMA50)', 'Breakout sin confirmación de volumen']",['Revisiones de analistas al alza'],0.35984076572649926,238.8000030517578,92.54286193847656
DDOG,Technology,XLK,OBSERVAR,143.7100067138672,1.937984496124031,40.0,88.88888888888889,0,47.497416020671835,69.70873786407768,False,True,True,True,False,[],"['No extendida (16% sobre SMA50)', 'Breakout sobre pivot con volumen 1.7× lo normal']","['Medias móviles no alineadas alcistas', 'SMA200 sin pendiente alcista', 'Lejos del máximo de 52 semanas', 'Fuerza relativa insuficiente (RS 70)']","['Revisiones de analistas al alza', 'Beat consistente últimos 2 trimestres']",0.15921529429990078,199.72000122070312,102.61499786376953
SMCI,Technology,XLK,OBSERVAR,34.65999984741211,6.395348837209303,20.0,88.88888888888889,0,45.78036175710594,19.02912621359223,False,False,True,True,False,[],['Breakout sobre pivot con volumen 3.3× lo normal'],"['Precio por debajo de SMA150 o SMA200', 'Medias móviles no alineadas alcistas', 'SMA200 sin pendiente alcista', 'Lejos del máximo de 52 semanas', 'Fuerza relativa insuficiente (RS 19)']","['Revisiones de analistas al alza', 'Beat consistente últimos 2 trimestres', 'Margen bruto en contracción']",0.2527197631435857,60.709999084472656,20.530000686645508
GLW,Technology,XLK,OBSERVAR,181.57000732421875,13.372093023255813,0.0,88.88888888888889,0,45.071059431524546,97.66990291262137,True,True,True,True,False,[],"['Patrón de tendencia alcista (Stage 2)', 'No extendida (21% sobre SMA50)', 'Fuerza relativa alta (RS 98/100)', 'Breakout sobre pivot con volumen 2.6× lo normal']",[],[],0.20846208631904517,181.57000732421875,44.095333099365234
HPQ,Technology,XLK,OBSERVAR,21.40999984741211,7.3643410852713185,-20.0,88.88888888888889,0,39.167958656330754,29.126213592233007,False,True,False,False,False,[],['No extendida (11% sobre SMA50)'],"['Precio por debajo de SMA150 o SMA200', 'Medias móviles no alineadas alcistas', 'SMA200 sin pendiente alcista', 'Fuerza relativa insuficiente (RS 29)', 'Sin breakout reciente sobre resistencia']",['Margen bruto en contracción'],0.11121983405549804,28.257448196411133,17.909420013427734
MSTR,Technology,XLK,OBSERVAR,186.82000732421875,7.55813953488372,-40.0,88.88888888888889,0,35.74547803617571,23.689320388349515,False,False,True,False,False,[],[],"['Precio por debajo de SMA150 o SMA200', 'Medias móviles no alineadas alcistas', 'SMA200 sin pendiente alcista', 'Lejos del máximo de 52 semanas', 'Fuerza relativa insuficiente (RS 24)', 'Breakout sin confirmación de volumen']","['Miss consistente últimos 2 trimestres', 'Margen bruto en contracción']",0.28453189897933834,455.8999938964844,106.98999786376953
FICO,Technology,XLK,SALIDA,1067.0,93.9922480620155,40.0,88.88888888888889,0,84.31912144702842,4.466019417475728,False,True,False,False,True,['Fuerza relativa rompiendo: RS-line bajo su SMA50 durante 5 sesiones seguidas'],['No extendida (-6% sobre SMA50)'],"['Precio por debajo de SMA150 o SMA200', 'Medias móviles no alineadas alcistas', 'SMA200 sin pendiente alcista', 'Lejos del máximo de 52 semanas', 'Fuerza relativa insuficiente (RS 4)', 'Sin breakout reciente sobre resistencia']","['Revisiones de analistas al alza', 'Margen bruto en expansión los últimos 4 trimestres']",-0.05630940308135225,2206.010009765625,922.3699951171875
CPAY,Technology,XLK,SALIDA,305.42999267578125,92.63565891472868,40.0,88.88888888888889,0,83.77648578811369,40.3883495145631,False,True,False,False,True,"['Cierre por debajo de SMA50 (305.43 < 311.17) con volumen 1.2x', 'Stop ATR roto: cierre 305.43 < trailing stop 313.40', 'Fuerza relativa rompiendo: RS-line bajo su SMA50 durante 5 sesiones seguidas']",['No extendida (-2% sobre SMA50)'],"['Precio por debajo de SMA150 o SMA200', 'Medias móviles no alineadas alcistas', 'SMA200 sin pendiente alcista', 'Fuerza relativa insuficiente (RS 40)', 'Sin breakout reciente sobre resistencia']","['Revisiones de analistas al alza', 'Margen bruto en expansión los últimos 4 trimestres']",-0.018442113315226764,356.3800048828125,255.0
ADSK,Technology,XLK,SALIDA,243.0800018310547,93.6046511627907,20.0,88.88888888888889,0,80.6640826873385,19.80582524271845,False,True,False,False,True,['Fuerza relativa rompiendo: RS-line bajo su SMA50 durante 5 sesiones seguidas'],['No extendida (0% sobre SMA50)'],"['Precio por debajo de SMA150 o SMA200', 'Medias móviles no alineadas alcistas', 'SMA200 sin pendiente alcista', 'Lejos del máximo de 52 semanas', 'Fuerza relativa insuficiente (RS 20)', 'Sin breakout reciente sobre resistencia']",['Beat consistente últimos 2 trimestres'],0.003070127352343676,326.7900085449219,218.4499969482422
EQT,Energy,XLE,SALIDA,57.36000061035156,96.70542635658916,60.0,55.55555555555556,0,80.57105943152456,52.038834951456316,False,True,False,False,True,"['Fuerza relativa rompiendo: RS-line bajo su SMA50 durante 5 sesiones seguidas', 'Fuerza relativa rompiendo: RS-line bajo su SMA50 durante 5 sesiones seguidas']",['No extendida (-6% sobre SMA50)'],"['Fuerza relativa insuficiente (RS 52)', 'Sin breakout reciente sobre resistencia']","['Revisiones de analistas al alza', 'Beat consistente últimos 2 trimestres', 'Margen bruto en expansión los últimos 4 trimestres']",-0.059563632216678736,67.73912048339844,48.76939010620117
GDDY,Technology,XLK,SALIDA,85.19999694824219,93.21705426356588,20.0,88.88888888888889,0,80.50904392764858,3.1067961165048543,False,True,False,False,True,['Fuerza relativa rompiendo: RS-line bajo su SMA50 durante 5 sesiones seguidas'],['No extendida (1% sobre SMA50)'],"['Precio por debajo de SMA150 o SMA200', 'Medias móviles no alineadas alcistas', 'SMA200 sin pendiente alcista', 'Lejos del máximo de 52 semanas', 'Fuerza relativa insuficiente (RS 3)', 'Sin breakout reciente sobre resistencia']",['Beat consistente últimos 2 trimestres'],0.005525631640387878,190.1999969482422,79.12000274658203
ZS,Technology,XLK,SALIDA,138.8300018310547,83.72093023255815,40.0,88.88888888888889,0,80.21059431524549,0.7766990291262136,False,True,False,False,True,['Fuerza relativa rompiendo: RS-line bajo su SMA50 durante 5 sesiones seguidas'],['No extendida (-3% sobre SMA50)'],"['Precio por debajo de SMA150 o SMA200', 'Medias móviles no alineadas alcistas', 'SMA200 sin pendiente alcista', 'Lejos del máximo de 52 semanas', 'Fuerza relativa insuficiente (RS 1)', 'Sin breakout reciente sobre resistencia']","['Revisiones de analistas al alza', 'Beat consistente últimos 2 trimestres']",-0.029563931770400172,336.2699890136719,118.05000305175781
PTC,Technology,XLK,SALIDA,136.77000427246094,83.13953488372093,40.0,88.88888888888889,0,79.9780361757106,10.679611650485436,False,True,False,True,True,"['Cierre por debajo de SMA50 (136.77 < 145.98) con volumen 3.5x', 'Fuerza relativa rompiendo: RS-line bajo su SMA50 durante 5 sesiones seguidas']",['No extendida (-6% sobre SMA50)'],"['Precio por debajo de SMA150 o SMA200', 'Medias móviles no alineadas alcistas', 'SMA200 sin pendiente alcista', 'Lejos del máximo de 52 semanas', 'Fuerza relativa insuficiente (RS 11)', 'Sin breakout reciente sobre resistencia']","['Revisiones de analistas al alza', 'Beat consistente últimos 2 trimestres']",-0.06310621540483448,216.52999877929688,133.44000244140625
CRM,Technology,XLK,SALIDA,181.19000244140625,90.11627906976744,20.0,88.88888888888889,0,79.2687338501292,9.12621359223301,False,True,False,False,True,['Fuerza relativa rompiendo: RS-line bajo su SMA50 durante 5 sesiones seguidas'],['No extendida (-3% sobre SMA50)'],"['Precio por debajo de SMA150 o SMA200', 'Medias móviles no alineadas alcistas', 'SMA200 sin pendiente alcista', 'Lejos del máximo de 52 semanas', 'Fuerza relativa insuficiente (RS 9)', 'Sin breakout reciente sobre resistencia']",['Beat consistente últimos 2 trimestres'],-0.028202860662916034,288.9933166503906,164.9600067138672
WDAY,Technology,XLK,SALIDA,122.62999725341797,89.92248062015504,20.0,88.88888888888889,0,79.19121447028424,0.9708737864077669,False,True,False,False,True,['Fuerza relativa rompiendo: RS-line bajo su SMA50 durante 5 sesiones seguidas'],['No extendida (-5% sobre SMA50)'],"['Precio por debajo de SMA150 o SMA200', 'Medias móviles no alineadas alcistas', 'SMA200 sin pendiente alcista', 'Lejos del máximo de 52 semanas', 'Fuerza relativa insuficiente (RS 1)', 'Sin breakout reciente sobre resistencia']",['Beat consistente últimos 2 trimestres'],-0.053414225825334706,274.7099914550781,112.5
IT,Technology,XLK,SALIDA,151.0500030517578,78.68217054263566,40.0,88.88888888888889,0,78.1950904392765,4.660194174757281,False,True,False,True,True,"['Cierre por debajo de SMA50 (151.05 < 155.78) con volumen 1.7x', 'Fuerza relativa rompiendo: RS-line bajo su SMA50 durante 5 sesiones seguidas']",['No extendida (-3% sobre SMA50)'],"['Precio por debajo de SMA150 o SMA200', 'Medias móviles no alineadas alcistas', 'SMA200 sin pendiente alcista', 'Lejos del máximo de 52 semanas', 'Fuerza relativa insuficiente (RS 5)', 'Sin breakout reciente sobre resistencia']","['Beat consistente últimos 2 trimestres', 'Margen bruto en expansión los últimos 4 trimestres']",-0.030363311415666717,449.5199890136719,143.72000122070312
ADBE,Technology,XLK,SALIDA,250.1699981689453,94.37984496124031,0.0,88.88888888888889,0,77.47416020671835,9.320388349514563,False,True,False,False,True,['Fuerza relativa rompiendo: RS-line bajo su SMA50 durante 5 sesiones seguidas'],['No extendida (-0% sobre SMA50)'],"['Precio por debajo de SMA150 o SMA200', 'Medias móviles no alineadas alcistas', 'SMA200 sin pendiente alcista', 'Lejos del máximo de 52 semanas', 'Fuerza relativa insuficiente (RS 9)', 'Sin breakout reciente sobre resistencia']",[],-0.0013317253306329828,420.67999267578125,225.35000610351562
NEM,Basic Materials,XLB,SALIDA,115.0999984741211,100.0,60.0,33.33333333333333,0,76.33333333333333,90.29126213592234,False,True,False,False,True,"['Fuerza relativa rompiendo: RS-line bajo su SMA50 durante 5 sesiones seguidas', 'Fuerza relativa rompiendo: RS-line bajo su SMA50 durante 5 sesiones seguidas']","['No extendida (2% sobre SMA50)', 'Fuerza relativa alta (RS 90/100)']",['Sin breakout reciente sobre resistencia'],"['Revisiones de analistas al alza', 'Beat consistente últimos 2 trimestres', 'Margen bruto en expansión los últimos 4 trimestres']",0.021056668324387146,131.68350219726562,48.035606384277344
GEN,Technology,XLK,SALIDA,19.559999465942383,89.72868217054264,0.0,88.88888888888889,0,75.61369509043928,9.514563106796116,False,True,False,False,True,"['Cierre por debajo de SMA50 (19.56 < 20.15) con volumen 1.4x', 'Fuerza relativa rompiendo: RS-line bajo su SMA50 durante 5 sesiones seguidas']",['No extendida (-3% sobre SMA50)'],"['Precio por debajo de SMA150 o SMA200', 'Medias móviles no alineadas alcistas', 'SMA200 sin pendiente alcista', 'Lejos del máximo de 52 semanas', 'Fuerza relativa insuficiente (RS 10)', 'Sin breakout reciente sobre resistencia']","['Revisiones de analistas al alza', 'Margen bruto en contracción']",-0.02924188321690128,31.71306800842285,17.889999389648438
NOW,Technology,XLK,SALIDA,89.05000305175781,89.34108527131784,0.0,88.88888888888889,0,75.45865633074936,1.3592233009708738,False,True,False,False,True,['Fuerza relativa rompiendo: RS-line bajo su SMA50 durante 5 sesiones seguidas'],['No extendida (-13% sobre SMA50)'],"['Precio por debajo de SMA150 o SMA200', 'Medias móviles no alineadas alcistas', 'SMA200 sin pendiente alcista', 'Lejos del máximo de 52 semanas', 'Fuerza relativa insuficiente (RS 1)', 'Sin breakout reciente sobre resistencia']","['Revisiones de analistas al alza', 'Margen bruto en contracción']",-0.13161258781826932,208.93800354003906,83.0
EIX,Utilities,XLU,SALIDA,68.80000305175781,96.12403100775194,40.0,50.0,0,75.44961240310079,76.89320388349515,False,True,False,False,True,"['Stop ATR roto: cierre 68.80 < trailing stop 71.05', 'Fuerza relativa rompiendo: RS-line bajo su SMA50 durante 5 sesiones seguidas', 'Fuerza relativa rompiendo: RS-line bajo su SMA50 durante 5 sesiones seguidas']",['No extendida (-3% sobre SMA50)'],"['Fuerza relativa insuficiente (RS 77)', 'Sin breakout reciente sobre resistencia']","['Beat consistente últimos 2 trimestres', 'Margen bruto en expansión los últimos 4 trimestres']",-0.033086771168012355,75.81999969482422,45.60968017578125
CF,Basic Materials,XLB,SALIDA,119.76000213623047,95.93023255813954,60.0,33.33333333333333,0,74.70542635658914,86.99029126213593,True,True,False,False,True,"['Fuerza relativa rompiendo: RS-line bajo su SMA50 durante 5 sesiones seguidas', 'Fuerza relativa rompiendo: RS-line bajo su SMA50 durante 5 sesiones seguidas']","['Patrón de tendencia alcista (Stage 2)', 'No extendida (-1% sobre SMA50)', 'Fuerza relativa alta (RS 87/100)']",['Sin breakout reciente sobre resistencia'],"['Revisiones de analistas al alza', 'Beat consistente últimos 2 trimestres', 'Margen bruto en expansión los últimos 4 trimestres']",-0.012518307374425965,137.60000610351562,75.68595123291016
APA,Energy,XLE,SALIDA,38.29999923706055,98.25581395348837,20.0,55.55555555555556,0,74.19121447028424,94.95145631067962,True,True,False,False,True,['Fuerza relativa rompiendo: RS-line bajo su SMA50 durante 5 sesiones seguidas'],"['Patrón de tendencia alcista (Stage 2)', 'No extendida (3% sobre SMA50)', 'Fuerza relativa alta (RS 95/100)']",['Sin breakout reciente sobre resistencia'],"['Revisiones de analistas a la baja', 'Beat consistente últimos 2 trimestres', 'Margen bruto en expansión los últimos 4 trimestres']",0.02836241551440166,44.094852447509766,14.86111068725586
FTV,Technology,XLK,SALIDA,60.400001525878906,68.6046511627907,40.0,88.88888888888889,0,74.16408268733849,65.24271844660194,True,True,False,False,True,['Fuerza relativa rompiendo: RS-line bajo su SMA50 durante 5 sesiones seguidas'],"['Patrón de tendencia alcista (Stage 2)', 'No extendida (4% sobre SMA50)']","['Fuerza relativa insuficiente (RS 65)', 'Sin breakout reciente sobre resistencia']","['Beat consistente últimos 2 trimestres', 'Margen bruto en expansión los últimos 4 trimestres']",0.04306083060517243,62.0099983215332,46.39048385620117
ANET,Technology,XLK,SALIDA,147.05999755859375,68.4108527131783,40.0,88.88888888888889,0,74.08656330749355,75.53398058252428,True,True,False,True,True,['Stop ATR roto: cierre 147.06 < trailing stop 156.58'],"['Patrón de tendencia alcista (Stage 2)', 'No extendida (2% sobre SMA50)']","['Fuerza relativa insuficiente (RS 76)', 'Sin breakout reciente sobre resistencia']","['Revisiones de analistas al alza', 'Beat consistente últimos 2 trimestres']",0.015513740032537533,177.72999572753906,86.25
UDR,Real Estate,XLRE,SALIDA,37.040000915527344,85.27131782945736,40.0,61.111111111111114,0,73.88630490956072,37.4757281553398,False,True,True,False,True,"['Fuerza relativa rompiendo: RS-line bajo su SMA50 durante 5 sesiones seguidas', 'Fuerza relativa rompiendo: RS-line bajo su SMA50 durante 5 sesiones seguidas']",['No extendida (5% sobre SMA50)'],"['Medias móviles no alineadas alcistas', 'SMA200 sin pendiente alcista', 'Fuerza relativa insuficiente (RS 37)', 'Breakout sin confirmación de volumen']","['Beat consistente últimos 2 trimestres', 'Margen bruto en expansión los últimos 4 trimestres']",0.050217602225169765,40.87338638305664,32.75725173950195
GPN,Industrials,XLI,SALIDA,69.62999725341797,99.03100775193798,40.0,38.88888888888889,0,73.83462532299743,25.436893203883493,False,True,False,True,True,"['Cierre por debajo de SMA50 (69.63 < 70.50) con volumen 1.7x', 'Fuerza relativa rompiendo: RS-line bajo su SMA50 durante 5 sesiones seguidas', 'Fuerza relativa rompiendo: RS-line bajo su SMA50 durante 5 sesiones seguidas']",['No extendida (-1% sobre SMA50)'],"['Precio por debajo de SMA150 o SMA200', 'Medias móviles no alineadas alcistas', 'SMA200 sin pendiente alcista', 'Fuerza relativa insuficiente (RS 25)', 'Sin breakout reciente sobre resistencia']","['Revisiones de analistas al alza', 'Margen bruto en expansión los últimos 4 trimestres']",-0.012360328277478511,89.1837158203125,62.70000076293945
INTU,Technology,XLK,SALIDA,388.54998779296875,84.30232558139535,0.0,88.88888888888889,0,73.44315245478036,3.6893203883495143,False,True,False,False,True,['Fuerza relativa rompiendo: RS-line bajo su SMA50 durante 5 sesiones seguidas'],['No extendida (-6% sobre SMA50)'],"['Precio por debajo de SMA150 o SMA200', 'Medias móviles no alineadas alcistas', 'SMA200 sin pendiente alcista', 'Lejos del máximo de 52 semanas', 'Fuerza relativa insuficiente (RS 4)', 'Sin breakout reciente sobre resistencia']","['Beat consistente últimos 2 trimestres', 'Margen bruto en contracción']",-0.0647679284410471,801.9572143554688,350.94000244140625
PLTR,Technology,XLK,SALIDA,133.7899932861328,55.81395348837209,60.0,88.88888888888889,0,72.54780361757105,18.83495145631068,False,True,False,False,True,"['Stop ATR roto: cierre 133.79 < trailing stop 135.30', 'Fuerza relativa rompiendo: RS-line bajo su SMA50 durante 5 sesiones seguidas']",['No extendida (-8% sobre SMA50)'],"['Precio por debajo de SMA150 o SMA200', 'Medias móviles no alineadas alcistas', 'Lejos del máximo de 52 semanas', 'Fuerza relativa insuficiente (RS 19)', 'Sin breakout reciente sobre resistencia']","['Revisiones de analistas al alza', 'Beat consistente últimos 2 trimestres', 'Margen bruto en expansión los últimos 4 trimestres']",-0.08114297423163884,207.17999267578125,108.86000061035156
SPG,Real Estate,XLRE,SALIDA,205.50999450683594,98.44961240310077,0.0,61.111111111111114,0,72.15762273901808,72.23300970873787,True,True,False,False,True,"['Fuerza relativa rompiendo: RS-line bajo su SMA50 durante 5 sesiones seguidas', 'Fuerza relativa rompiendo: RS-line bajo su SMA50 durante 5 sesiones seguidas']","['Patrón de tendencia alcista (Stage 2)', 'No extendida (5% sobre SMA50)']","['Fuerza relativa insuficiente (RS 72)', 'Sin breakout reciente sobre resistencia']",[],0.05281820217494744,207.55999755859375,149.3350372314453
VICI,Real Estate,XLRE,SALIDA,28.649999618530273,97.28682170542635,0.0,61.111111111111114,0,71.69250645994832,31.650485436893206,False,True,False,False,True,"['Fuerza relativa rompiendo: RS-line bajo su SMA50 durante 5 sesiones seguidas', 'Fuerza relativa rompiendo: RS-line bajo su SMA50 durante 5 sesiones seguidas']",['No extendida (1% sobre SMA50)'],"['Precio por debajo de SMA150 o SMA200', 'Medias móviles no alineadas alcistas', 'SMA200 sin pendiente alcista', 'Fuerza relativa insuficiente (RS 32)', 'Sin breakout reciente sobre resistencia']",[],0.012963109413934276,32.40241241455078,26.610000610351562
AMT,Real Estate,XLRE,SALIDA,180.16000366210938,87.98449612403101,20.0,61.111111111111114,0,71.47157622739019,30.485436893203882,False,True,False,False,True,"['Fuerza relativa rompiendo: RS-line bajo su SMA50 durante 5 sesiones seguidas', 'Fuerza relativa rompiendo: RS-line bajo su SMA50 durante 5 sesiones seguidas']",['No extendida (1% sobre SMA50)'],"['Precio por debajo de SMA150 o SMA200', 'Medias móviles no alineadas alcistas', 'SMA200 sin pendiente alcista', 'Fuerza relativa insuficiente (RS 30)', 'Sin breakout reciente sobre resistencia']",['Beat consistente últimos 2 trimestres'],0.009363994282464374,225.84365844726562,165.615234375
EXE,Energy,XLE,SALIDA,96.93000030517578,73.44961240310077,60.0,55.55555555555556,0,71.2687338501292,23.883495145631066,False,True,False,False,True,"['Fuerza relativa rompiendo: RS-line bajo su SMA50 durante 5 sesiones seguidas', 'Fuerza relativa rompiendo: RS-line bajo su SMA50 durante 5 sesiones seguidas']",['No extendida (-6% sobre SMA50)'],"['Precio por debajo de SMA150 o SMA200', 'Medias móviles no alineadas alcistas', 'SMA200 sin pendiente alcista', 'Fuerza relativa insuficiente (RS 24)', 'Sin breakout reciente sobre resistencia']","['Revisiones de analistas al alza', 'Beat consistente últimos 2 trimestres', 'Margen bruto en expansión los últimos 4 trimestres']",-0.06259612223366044,122.22261810302734,92.07942962646484
AMD,Technology,XLK,SALIDA,421.3900146484375,51.74418604651163,60.0,88.88888888888889,0,70.91989664082686,97.86407766990291,True,False,True,True,True,"['Posible blow-off: extensión 72% sobre SMA50, RSI 81 + divergencia bajista']","['Patrón de tendencia alcista (Stage 2)', 'Fuerza relativa alta (RS 98/100)', 'Línea de fuerza relativa en máximos', 'Breakout sobre pivot con volumen 2.3× lo normal']",['Demasiado extendida (72% sobre SMA50)'],"['Revisiones de analistas al alza', 'Beat consistente últimos 2 trimestres', 'Margen bruto en expansión los últimos 4 trimestres']",0.7162549345112915,421.3900146484375,98.62000274658203
APP,Communication Services,XLC,SALIDA,468.8299865722656,96.51162790697676,40.0,27.77777777777778,0,70.04909560723515,72.62135922330097,False,True,False,True,True,['Fuerza relativa rompiendo: RS-line bajo su SMA50 durante 5 sesiones seguidas'],['No extendida (6% sobre SMA50)'],"['Precio por debajo de SMA150 o SMA200', 'Medias móviles no alineadas alcistas', 'Lejos del máximo de 52 semanas', 'Fuerza relativa insuficiente (RS 73)', 'Sin breakout reciente sobre resistencia']","['Revisiones de analistas al alza', 'Margen bruto en expansión los últimos 4 trimestres']",0.05633402701414525,733.5999755859375,303.4599914550781
SNDK,Technology,XLK,SALIDA,1409.97998046875,48.06201550387597,60.0,88.88888888888889,0,69.44702842377262,100.0,True,False,True,False,True,"['Posible blow-off: extensión 75% sobre SMA50, RSI 81']","['Patrón de tendencia alcista (Stage 2)', 'Fuerza relativa alta (RS 100/100)']","['Demasiado extendida (75% sobre SMA50)', 'Breakout sin confirmación de volumen']","['Revisiones de analistas al alza', 'Beat consistente últimos 2 trimestres', 'Margen bruto en expansión los últimos 4 trimestres']",0.751004586353053,1409.97998046875,33.83000183105469
EXPE,Consumer Cyclical,XLY,SALIDA,246.66000366210938,97.48062015503875,40.0,22.22222222222222,0,69.04780361757106,76.50485436893204,False,True,False,False,True,['Fuerza relativa rompiendo: RS-line bajo su SMA50 durante 5 sesiones seguidas'],['No extendida (3% sobre SMA50)'],"['Medias móviles no alineadas alcistas', 'Fuerza relativa insuficiente (RS 77)', 'Sin breakout reciente sobre resistencia']","['Beat consistente últimos 2 trimestres', 'Margen bruto en expansión los últimos 4 trimestres']",0.034631797024782036,300.65771484375,155.3946075439453
PAYX,Technology,XLK,SALIDA,91.37999725341797,62.01550387596899,20.0,88.88888888888889,0,68.02842377260981,10.097087378640776,False,True,False,False,True,['Fuerza relativa rompiendo: RS-line bajo su SMA50 durante 5 sesiones seguidas'],['No extendida (-1% sobre SMA50)'],"['Precio por debajo de SMA150 o SMA200', 'Medias móviles no alineadas alcistas', 'SMA200 sin pendiente alcista', 'Lejos del máximo de 52 semanas', 'Fuerza relativa insuficiente (RS 10)', 'Sin breakout reciente sobre resistencia']",['Margen bruto en expansión los últimos 4 trimestres'],-0.01200346239966497,155.44273376464844,85.56999969482422
OXY,Energy,XLE,SALIDA,55.119998931884766,82.75193798449612,20.0,55.55555555555556,0,67.98966408268734,83.10679611650485,True,True,False,False,True,"['Stop ATR roto: cierre 55.12 < trailing stop 57.70', 'Fuerza relativa rompiendo: RS-line bajo su SMA50 durante 5 sesiones seguidas', 'Fuerza relativa rompiendo: RS-line bajo su SMA50 durante 5 sesiones seguidas']","['Patrón de tendencia alcista (Stage 2)', 'No extendida (-5% sobre SMA50)', 'Fuerza relativa alta (RS 83/100)']",['Sin breakout reciente sobre resistencia'],"['Revisiones de analistas a la baja', 'Beat consistente últimos 2 trimestres', 'Margen bruto en expansión los últimos 4 trimestres']",-0.04994170138331555,66.23999786376953,38.183040618896484
EOG,Energy,XLE,SALIDA,134.69000244140625,91.47286821705426,0.0,55.55555555555556,0,67.9780361757106,77.28155339805825,True,True,False,False,True,"['Fuerza relativa rompiendo: RS-line bajo su SMA50 durante 5 sesiones seguidas', 'Fuerza relativa rompiendo: RS-line bajo su SMA50 durante 5 sesiones seguidas']","['Patrón de tendencia alcista (Stage 2)', 'No extendida (-0% sobre SMA50)']","['Fuerza relativa insuficiente (RS 77)', 'Sin breakout reciente sobre resistencia']",[],-0.002717563580946319,148.73516845703125,100.04216766357422
PCG,Utilities,XLU,SALIDA,16.200000762939453,94.57364341085271,0.0,50.0,0,67.8294573643411,39.41747572815534,False,True,False,False,True,"['Stop ATR roto: cierre 16.20 < trailing stop 17.55', 'Fuerza relativa rompiendo: RS-line bajo su SMA50 durante 5 sesiones seguidas', 'Fuerza relativa rompiendo: RS-line bajo su SMA50 durante 5 sesiones seguidas']",['No extendida (-8% sobre SMA50)'],"['Precio por debajo de SMA150 o SMA200', 'Fuerza relativa insuficiente (RS 39)', 'Sin breakout reciente sobre resistencia']",[],-0.0802406967590288,19.05533790588379,12.901055335998535
ROP,Technology,XLK,SALIDA,350.260009765625,69.37984496124031,0.0,88.88888888888889,0,67.47416020671835,11.45631067961165,False,True,False,False,True,"['Cierre por debajo de SMA50 (350.26 < 354.41) con volumen 1.2x', 'Stop ATR roto: cierre 350.26 < trailing stop 357.59', 'Fuerza relativa rompiendo: RS-line bajo su SMA50 durante 5 sesiones seguidas']",['No extendida (-1% sobre SMA50)'],"['Precio por debajo de SMA150 o SMA200', 'Medias móviles no alineadas alcistas', 'SMA200 sin pendiente alcista', 'Lejos del máximo de 52 semanas', 'Fuerza relativa insuficiente (RS 11)', 'Sin breakout reciente sobre resistencia']",[],-0.011710563177958135,578.403076171875,314.7276916503906
DECK,Consumer Cyclical,XLY,SALIDA,103.91999816894531,92.24806201550388,40.0,22.22222222222222,0,66.9547803617571,35.728155339805824,False,True,False,False,True,"['Fuerza relativa rompiendo: RS-line bajo su SMA50 durante 5 sesiones seguidas', 'Fuerza relativa rompiendo: RS-line bajo su SMA50 durante 5 sesiones seguidas']",['No extendida (-1% sobre SMA50)'],"['Medias móviles no alineadas alcistas', 'Fuerza relativa insuficiente (RS 36)', 'Sin breakout reciente sobre resistencia']","['Beat consistente últimos 2 trimestres', 'Margen bruto en expansión los últimos 4 trimestres']",-0.010510015143095552,129.3699951171875,79.54000091552734
META,Communication Services,XLC,SALIDA,612.8800048828125,87.40310077519379,40.0,27.77777777777778,0,66.40568475452197,24.660194174757283,False,True,False,False,True,"['Cierre por debajo de SMA50 (612.88 < 628.09) con volumen 1.2x', 'Stop ATR roto: cierre 612.88 < trailing stop 631.41', 'Fuerza relativa rompiendo: RS-line bajo su SMA50 durante 5 sesiones seguidas', 'Fuerza relativa rompiendo: RS-line bajo su SMA50 durante 5 sesiones seguidas']",['No extendida (-2% sobre SMA50)'],"['Precio por debajo de SMA150 o SMA200', 'Medias móviles no alineadas alcistas', 'SMA200 sin pendiente alcista', 'Fuerza relativa insuficiente (RS 25)', 'Sin breakout reciente sobre resistencia']","['Revisiones de analistas al alza', 'Beat consistente últimos 2 trimestres']",-0.024217584995676826,788.1489868164062,525.719970703125
VRSK,Industrials,XLI,SALIDA,170.94000244140625,97.67441860465115,0.0,38.88888888888889,0,66.29198966408269,7.961165048543689,False,True,False,False,True,"['Stop ATR roto: cierre 170.94 < trailing stop 171.89', 'Fuerza relativa rompiendo: RS-line bajo su SMA50 durante 5 sesiones seguidas', 'Fuerza relativa rompiendo: RS-line bajo su SMA50 durante 5 sesiones seguidas']",['No extendida (-10% sobre SMA50)'],"['Precio por debajo de SMA150 o SMA200', 'Medias móviles no alineadas alcistas', 'SMA200 sin pendiente alcista', 'Lejos del máximo de 52 semanas', 'Fuerza relativa insuficiente (RS 8)', 'Sin breakout reciente sobre resistencia']",[],-0.09783340130740543,318.8477783203125,164.27999877929688
PSA,Real Estate,XLRE,SALIDA,308.9800109863281,92.44186046511628,-20.0,61.111111111111114,0,66.25452196382429,58.64077669902913,False,True,False,False,True,"['Fuerza relativa rompiendo: RS-line bajo su SMA50 durante 5 sesiones seguidas', 'Fuerza relativa rompiendo: RS-line bajo su SMA50 durante 5 sesiones seguidas']",['No extendida (5% sobre SMA50)'],"['Fuerza relativa insuficiente (RS 59)', 'Sin breakout reciente sobre resistencia']",['Margen bruto en contracción'],0.054607987025071955,312.1700134277344,255.8358154296875
ON,Technology,XLK,SALIDA,105.7699966430664,66.27906976744185,0.0,88.88888888888889,0,66.23385012919897,96.69902912621359,True,False,True,True,True,"['Posible blow-off: extensión 46% sobre SMA50, RSI 82 + divergencia bajista']","['Patrón de tendencia alcista (Stage 2)', 'Fuerza relativa alta (RS 97/100)', 'Línea de fuerza relativa en máximos', 'Breakout sobre pivot con volumen 2.3× lo normal']",['Demasiado extendida (46% sobre SMA50)'],[],0.4574651766186512,105.7699966430664,38.5099983215332
LVS,Consumer Cyclical,XLY,SALIDA,53.220001220703125,97.09302325581395,20.0,22.22222222222222,0,65.39276485788113,47.76699029126213,False,True,False,True,True,"['Cierre por debajo de SMA50 (53.22 < 54.13) con volumen 1.4x', 'Fuerza relativa rompiendo: RS-line bajo su SMA50 durante 5 sesiones seguidas', 'Fuerza relativa rompiendo: RS-line bajo su SMA50 durante 5 sesiones seguidas']",['No extendida (-2% sobre SMA50)'],"['Precio por debajo de SMA150 o SMA200', 'Medias móviles no alineadas alcistas', 'Fuerza relativa insuficiente (RS 48)', 'Sin breakout reciente sobre resistencia']","['Revisiones de analistas al alza', 'Beat consistente últimos 2 trimestres', 'Margen bruto en contracción']",-0.016755757512070424,68.72942352294922,38.04737091064453
ESS,Real Estate,XLRE,SALIDA,267.260009765625,81.3953488372093,0.0,61.111111111111114,0,65.33591731266151,49.51456310679612,False,True,False,False,True,"['Fuerza relativa rompiendo: RS-line bajo su SMA50 durante 5 sesiones seguidas', 'Fuerza relativa rompiendo: RS-line bajo su SMA50 durante 5 sesiones seguidas']",['No extendida (6% sobre SMA50)'],"['Medias móviles no alineadas alcistas', 'SMA200 sin pendiente alcista', 'Fuerza relativa insuficiente (RS 50)', 'Sin breakout reciente sobre resistencia']",[],0.06326543565552104,283.84686279296875,237.05203247070312
VST,Utilities,XLU,SALIDA,158.2899932861328,87.59689922480621,0.0,50.0,0,65.03875968992249,34.368932038834956,False,True,False,True,True,"['Cierre por debajo de SMA50 (158.29 < 159.39) con volumen 1.9x', 'Fuerza relativa rompiendo: RS-line bajo su SMA50 durante 5 sesiones seguidas', 'Fuerza relativa rompiendo: RS-line bajo su SMA50 durante 5 sesiones seguidas']",['No extendida (-1% sobre SMA50)'],"['Precio por debajo de SMA150 o SMA200', 'Medias móviles no alineadas alcistas', 'SMA200 sin pendiente alcista', 'Lejos del máximo de 52 semanas', 'Fuerza relativa insuficiente (RS 34)', 'Sin breakout reciente sobre resistencia']","['Miss consistente últimos 2 trimestres', 'Margen bruto en expansión los últimos 4 trimestres']",-0.0069086244039398646,217.32012939453125,135.0595703125
FE,Utilities,XLU,SALIDA,45.54999923706055,96.31782945736434,-20.0,50.0,0,65.02713178294573,45.63106796116505,False,True,False,True,True,"['Cierre por debajo de SMA50 (45.55 < 49.98) con volumen 1.8x', 'Stop ATR roto: cierre 45.55 < trailing stop 49.41', 'Fuerza relativa rompiendo: RS-line bajo su SMA50 durante 5 sesiones seguidas', 'Fuerza relativa rompiendo: RS-line bajo su SMA50 durante 5 sesiones seguidas']",['No extendida (-9% sobre SMA50)'],"['Precio por debajo de SMA150 o SMA200', 'Fuerza relativa insuficiente (RS 46)', 'Sin breakout reciente sobre resistencia']",['Margen bruto en contracción'],-0.08864640544726003,51.90999984741211,38.56303024291992
FIS,Technology,XLK,SALIDA,45.970001220703125,54.45736434108527,20.0,88.88888888888889,0,65.00516795865633,7.3786407766990285,False,True,False,True,True,"['Cierre por debajo de SMA50 (45.97 < 48.00) con volumen 1.9x', 'Fuerza relativa rompiendo: RS-line bajo su SMA50 durante 5 sesiones seguidas']",['No extendida (-4% sobre SMA50)'],"['Precio por debajo de SMA150 o SMA200', 'Medias móviles no alineadas alcistas', 'SMA200 sin pendiente alcista', 'Lejos del máximo de 52 semanas', 'Fuerza relativa insuficiente (RS 7)', 'Sin breakout reciente sobre resistencia']",['Margen bruto en expansión los últimos 4 trimestres'],-0.04238366376313562,80.67940521240234,43.369998931884766
NRG,Utilities,XLU,SALIDA,150.63999938964844,95.73643410852713,-20.0,50.0,0,64.79457364341086,45.24271844660194,False,True,False,False,True,"['Cierre por debajo de SMA50 (150.64 < 157.10) con volumen 1.3x', 'Stop ATR roto: cierre 150.64 < trailing stop 156.02', 'Fuerza relativa rompiendo: RS-line bajo su SMA50 durante 5 sesiones seguidas', 'Fuerza relativa rompiendo: RS-line bajo su SMA50 durante 5 sesiones seguidas']",['No extendida (-4% sobre SMA50)'],"['Precio por debajo de SMA150 o SMA200', 'Medias móviles no alineadas alcistas', 'Fuerza relativa insuficiente (RS 45)', 'Sin breakout reciente sobre resistencia']",['Margen bruto en contracción'],-0.041102287665710155,183.4681396484375,115.68675994873047
VLTO,Industrials,XLI,SALIDA,86.87999725341797,84.88372093023256,20.0,38.88888888888889,0,64.67571059431525,21.35922330097087,False,True,False,False,True,"['Fuerza relativa rompiendo: RS-line bajo su SMA50 durante 5 sesiones seguidas', 'Fuerza relativa rompiendo: RS-line bajo su SMA50 durante 5 sesiones seguidas']",['No extendida (-4% sobre SMA50)'],"['Precio por debajo de SMA150 o SMA200', 'Medias móviles no alineadas alcistas', 'SMA200 sin pendiente alcista', 'Fuerza relativa insuficiente (RS 21)', 'Sin breakout reciente sobre resistencia']",['Beat consistente últimos 2 trimestres'],-0.03628000305864105,109.32899475097656,84.90148162841797
TPR,Consumer Cyclical,XLY,SALIDA,148.8300018310547,95.15503875968993,20.0,22.22222222222222,0,64.61757105943153,89.126213592233,False,True,False,True,True,"['Fuerza relativa rompiendo: RS-line bajo su SMA50 durante 5 sesiones seguidas', 'Fuerza relativa rompiendo: RS-line bajo su SMA50 durante 5 sesiones seguidas']","['No extendida (2% sobre SMA50)', 'Fuerza relativa alta (RS 89/100)']",['Sin breakout reciente sobre resistencia'],['Beat consistente últimos 2 trimestres'],0.015045995991572199,160.06088256835938,72.26371002197266
O,Real Estate,XLRE,SALIDA,64.01000213623047,88.17829457364341,-20.0,61.111111111111114,0,64.54909560723515,61.165048543689316,False,True,False,False,True,"['Fuerza relativa rompiendo: RS-line bajo su SMA50 durante 5 sesiones seguidas', 'Fuerza relativa rompiendo: RS-line bajo su SMA50 durante 5 sesiones seguidas']",['No extendida (1% sobre SMA50)'],"['Fuerza relativa insuficiente (RS 61)', 'Sin breakout reciente sobre resistencia']",['Miss consistente últimos 2 trimestres'],0.012396723284951044,66.97258758544922,51.637367248535156
ABNB,Consumer Cyclical,XLY,SALIDA,139.8800048828125,94.96124031007753,20.0,22.22222222222222,0,64.54005167958657,60.38834951456311,False,True,False,False,True,['Fuerza relativa rompiendo: RS-line bajo su SMA50 durante 5 sesiones seguidas'],['No extendida (5% sobre SMA50)'],"['Fuerza relativa insuficiente (RS 60)', 'Sin breakout reciente sobre resistencia']",['Margen bruto en expansión los últimos 4 trimestres'],0.04610399802704941,144.17999267578125,111.54000091552734
SNA,Industrials,XLI,SALIDA,386.32000732421875,91.86046511627907,0.0,38.88888888888889,0,63.96640826873385,65.8252427184466,False,True,False,False,True,"['Fuerza relativa rompiendo: RS-line bajo su SMA50 durante 5 sesiones seguidas', 'Fuerza relativa rompiendo: RS-line bajo su SMA50 durante 5 sesiones seguidas']",['No extendida (3% sobre SMA50)'],"['Fuerza relativa insuficiente (RS 66)', 'Sin breakout reciente sobre resistencia']",[],0.03220099855836012,390.75,299.6183776855469
REG,Real Estate,XLRE,SALIDA,79.08000183105469,77.71317829457365,0.0,61.111111111111114,0,63.863049095607245,61.94174757281553,False,True,False,False,True,"['Fuerza relativa rompiendo: RS-line bajo su SMA50 durante 5 sesiones seguidas', 'Fuerza relativa rompiendo: RS-line bajo su SMA50 durante 5 sesiones seguidas']",['No extendida (2% sobre SMA50)'],"['Fuerza relativa insuficiente (RS 62)', 'Sin breakout reciente sobre resistencia']","['Beat consistente últimos 2 trimestres', 'Margen bruto en contracción']",0.01619845697800814,81.12000274658203,65.80934143066406
CVX,Energy,XLE,SALIDA,185.16000366210938,63.565891472868216,40.0,55.55555555555556,0,63.815245478036175,73.00970873786407,True,True,False,False,True,"['Stop ATR roto: cierre 185.16 < trailing stop 188.32', 'Fuerza relativa rompiendo: RS-line bajo su SMA50 durante 5 sesiones seguidas', 'Fuerza relativa rompiendo: RS-line bajo su SMA50 durante 5 sesiones seguidas']","['Patrón de tendencia alcista (Stage 2)', 'No extendida (-4% sobre SMA50)']","['Fuerza relativa insuficiente (RS 73)', 'Sin breakout reciente sobre resistencia']","['Beat consistente últimos 2 trimestres', 'Margen bruto en expansión los últimos 4 trimestres']",-0.041927303794927026,211.14999389648438,129.7605438232422
EMR,Industrials,XLI,SALIDA,147.99000549316406,82.55813953488372,20.0,38.88888888888889,0,63.74547803617571,55.33980582524271,False,True,False,True,True,"['Fuerza relativa rompiendo: RS-line bajo su SMA50 durante 5 sesiones seguidas', 'Fuerza relativa rompiendo: RS-line bajo su SMA50 durante 5 sesiones seguidas']",['No extendida (7% sobre SMA50)'],"['Fuerza relativa insuficiente (RS 55)', 'Sin breakout reciente sobre resistencia']",['Margen bruto en expansión los últimos 4 trimestres'],0.06853840245240696,161.07102966308594,105.5142593383789
MAS,Industrials,XLI,SALIDA,71.94999694824219,99.4186046511628,-20.0,38.88888888888889,0,63.48966408268734,54.5631067961165,False,True,False,False,True,['Fuerza relativa rompiendo: RS-line bajo su SMA50 durante 5 sesiones seguidas'],['No extendida (10% sobre SMA50)'],"['Medias móviles no alineadas alcistas', 'Fuerza relativa insuficiente (RS 55)', 'Sin breakout reciente sobre resistencia']",['Margen bruto en contracción'],0.10112939582268674,77.48828125,58.599998474121094
TTD,Communication Services,XLC,SALIDA,24.010000228881836,88.75968992248062,20.0,27.77777777777778,0,63.44832041343669,0.5825242718446602,False,True,False,False,True,"['Fuerza relativa rompiendo: RS-line bajo su SMA50 durante 5 sesiones seguidas', 'Fuerza relativa rompiendo: RS-line bajo su SMA50 durante 5 sesiones seguidas']",['No extendida (1% sobre SMA50)'],"['Precio por debajo de SMA150 o SMA200', 'Medias móviles no alineadas alcistas', 'SMA200 sin pendiente alcista', 'Lejos del máximo de 52 semanas', 'Fuerza relativa insuficiente (RS 1)', 'Sin breakout reciente sobre resistencia']",['Margen bruto en expansión los últimos 4 trimestres'],0.009175477534745348,89.76000213623047,20.09000015258789
QCOM,Technology,XLK,SALIDA,192.57000732421875,66.47286821705426,-20.0,88.88888888888889,0,62.81136950904392,81.74757281553397,False,False,True,True,True,"['Posible blow-off: extensión 39% sobre SMA50, RSI 80 + divergencia bajista']","['Fuerza relativa alta (RS 82/100)', 'Línea de fuerza relativa en máximos', 'Breakout sobre pivot con volumen 2.0× lo normal']","['Medias móviles no alineadas alcistas', 'SMA200 sin pendiente alcista']",['Margen bruto en contracción'],0.385616658969338,192.57000732421875,124.06999969482422
FRT,Real Estate,XLRE,SALIDA,116.7699966430664,74.8062015503876,0.0,61.111111111111114,0,62.70025839793282,76.69902912621359,True,True,True,False,True,['Fuerza relativa rompiendo: RS-line bajo su SMA50 durante 5 sesiones seguidas'],"['Patrón de tendencia alcista (Stage 2)', 'No extendida (8% sobre SMA50)']","['Fuerza relativa insuficiente (RS 77)', 'Breakout sin confirmación de volumen']","['Beat consistente últimos 2 trimestres', 'Margen bruto en contracción']",0.08210784628243714,116.7699966430664,87.6523208618164
BKNG,Consumer Cyclical,XLY,SALIDA,168.32000732421875,98.83720930232558,0.0,22.22222222222222,0,62.59043927648579,15.728155339805824,False,True,False,False,True,"['Stop ATR roto: cierre 168.32 < trailing stop 173.18', 'Fuerza relativa rompiendo: RS-line bajo su SMA50 durante 5 sesiones seguidas', 'Fuerza relativa rompiendo: RS-line bajo su SMA50 durante 5 sesiones seguidas']",['No extendida (-3% sobre SMA50)'],"['Precio por debajo de SMA150 o SMA200', 'Medias móviles no alineadas alcistas', 'SMA200 sin pendiente alcista', 'Lejos del máximo de 52 semanas', 'Fuerza relativa insuficiente (RS 16)', 'Sin breakout reciente sobre resistencia']",[],-0.03351819751826363,231.2659149169922,154.4807891845703
MAA,Real Estate,XLRE,SALIDA,130.3000030517578,74.03100775193798,0.0,61.111111111111114,0,62.390180878552975,29.514563106796114,False,True,False,True,True,"['Fuerza relativa rompiendo: RS-line bajo su SMA50 durante 5 sesiones seguidas', 'Fuerza relativa rompiendo: RS-line bajo su SMA50 durante 5 sesiones seguidas']",['No extendida (3% sobre SMA50)'],"['Precio por debajo de SMA150 o SMA200', 'Medias móviles no alineadas alcistas', 'SMA200 sin pendiente alcista', 'Fuerza relativa insuficiente (RS 30)', 'Sin breakout reciente sobre resistencia']",[],0.03255301053191758,157.57815551757812,119.10987854003906
ED,Utilities,XLU,SALIDA,106.87000274658203,89.53488372093024,-20.0,50.0,0,62.3139534883721,45.8252427184466,False,True,False,False,True,"['Stop ATR roto: cierre 106.87 < trailing stop 109.49', 'Fuerza relativa rompiendo: RS-line bajo su SMA50 durante 5 sesiones seguidas', 'Fuerza relativa rompiendo: RS-line bajo su SMA50 durante 5 sesiones seguidas']",['No extendida (-4% sobre SMA50)'],"['Fuerza relativa insuficiente (RS 46)', 'Sin breakout reciente sobre resistencia']",['Margen bruto en contracción'],-0.041718870509957796,115.45999908447266,94.04182434082031
AMGN,Healthcare,XLV,SALIDA,331.1099853515625,90.69767441860465,40.0,5.555555555555555,0,62.16795865633075,51.067961165048544,False,True,False,False,True,"['Stop ATR roto: cierre 331.11 < trailing stop 334.52', 'Fuerza relativa rompiendo: RS-line bajo su SMA50 durante 5 sesiones seguidas', 'Fuerza relativa rompiendo: RS-line bajo su SMA50 durante 5 sesiones seguidas']",['No extendida (-7% sobre SMA50)'],"['Precio por debajo de SMA150 o SMA200', 'Fuerza relativa insuficiente (RS 51)', 'Sin breakout reciente sobre resistencia']","['Beat consistente últimos 2 trimestres', 'Margen bruto en expansión los últimos 4 trimestres']",-0.06639376691444154,388.1600036621094,254.30189514160156
MS,Financial Services,XLF,SALIDA,193.35000610351562,95.54263565891473,20.0,11.11111111111111,0,61.99483204134367,81.55339805825243,True,True,False,False,True,['Fuerza relativa rompiendo: RS-line bajo su SMA50 durante 5 sesiones seguidas'],"['Patrón de tendencia alcista (Stage 2)', 'No extendida (12% sobre SMA50)', 'Fuerza relativa alta (RS 82/100)']",['Sin breakout reciente sobre resistencia'],['Beat consistente últimos 2 trimestres'],0.12127798527390865,193.35000610351562,115.54122924804688
MAR,Consumer Cyclical,XLY,SALIDA,359.05999755859375,96.89922480620154,0.0,22.22222222222222,0,61.815245478036175,82.13592233009709,True,True,False,False,True,['Fuerza relativa rompiendo: RS-line bajo su SMA50 durante 5 sesiones seguidas'],"['Patrón de tendencia alcista (Stage 2)', 'No extendida (5% sobre SMA50)', 'Fuerza relativa alta (RS 82/100)']",['Sin breakout reciente sobre resistencia'],"['Revisiones de analistas al alza', 'Margen bruto en contracción']",0.048623460531661396,378.7200012207031,249.6002960205078
CPT,Real Estate,XLRE,SALIDA,104.80999755859375,71.70542635658916,0.0,61.111111111111114,0,61.45994832041344,33.980582524271846,False,True,False,False,True,"['Fuerza relativa rompiendo: RS-line bajo su SMA50 durante 5 sesiones seguidas', 'Fuerza relativa rompiendo: RS-line bajo su SMA50 durante 5 sesiones seguidas']",['No extendida (3% sobre SMA50)'],"['Medias móviles no alineadas alcistas', 'SMA200 sin pendiente alcista', 'Fuerza relativa insuficiente (RS 34)', 'Sin breakout reciente sobre resistencia']",[],0.02730602472370399,114.92998504638672,95.56134033203125
AMP,Financial Services,XLF,SALIDA,475.2900085449219,94.18604651162791,20.0,11.11111111111111,0,61.452196382428944,29.320388349514566,False,True,False,False,True,"['Fuerza relativa rompiendo: RS-line bajo su SMA50 durante 5 sesiones seguidas', 'Fuerza relativa rompiendo: RS-line bajo su SMA50 durante 5 sesiones seguidas']",['No extendida (5% sobre SMA50)'],"['Precio por debajo de SMA150 o SMA200', 'Medias móviles no alineadas alcistas', 'SMA200 sin pendiente alcista', 'Fuerza relativa insuficiente (RS 29)', 'Sin breakout reciente sobre resistencia']",['Beat consistente últimos 2 trimestres'],0.04532933822595935,541.9134521484375,428.8338623046875
MO,Consumer Defensive,XLP,SALIDA,70.16999816894531,99.2248062015504,0.0,16.666666666666664,0,61.356589147286826,71.6504854368932,True,True,True,False,True,['Fuerza relativa rompiendo: RS-line bajo su SMA50 durante 5 sesiones seguidas'],"['Patrón de tendencia alcista (Stage 2)', 'No extendida (5% sobre SMA50)']","['Fuerza relativa insuficiente (RS 72)', 'Breakout sin confirmación de volumen']",[],0.05269520723908293,74.55000305175781,52.62763977050781
CTAS,Industrials,XLI,SALIDA,169.36000061035156,75.96899224806202,20.0,38.88888888888889,0,61.10981912144703,16.116504854368934,False,True,False,True,True,"['Cierre por debajo de SMA50 (169.36 < 181.67) con volumen 1.4x', 'Stop ATR roto: cierre 169.36 < trailing stop 170.10', 'Fuerza relativa rompiendo: RS-line bajo su SMA50 durante 5 sesiones seguidas', 'Fuerza relativa rompiendo: RS-line bajo su SMA50 durante 5 sesiones seguidas']",['No extendida (-7% sobre SMA50)'],"['Precio por debajo de SMA150 o SMA200', 'Medias móviles no alineadas alcistas', 'SMA200 sin pendiente alcista', 'Lejos del máximo de 52 semanas', 'Fuerza relativa insuficiente (RS 16)', 'Sin breakout reciente sobre resistencia']",['Margen bruto en expansión los últimos 4 trimestres'],-0.06775201056159735,226.13302612304688,165.7100067138672
CPRT,Industrials,XLI,SALIDA,33.38999938964844,93.02325581395348,-20.0,38.88888888888889,0,60.93152454780362,6.796116504854369,False,True,False,False,True,"['Fuerza relativa rompiendo: RS-line bajo su SMA50 durante 5 sesiones seguidas', 'Fuerza relativa rompiendo: RS-line bajo su SMA50 durante 5 sesiones seguidas']",['No extendida (-2% sobre SMA50)'],"['Precio por debajo de SMA150 o SMA200', 'Medias móviles no alineadas alcistas', 'SMA200 sin pendiente alcista', 'Lejos del máximo de 52 semanas', 'Fuerza relativa insuficiente (RS 7)', 'Sin breakout reciente sobre resistencia']",['Margen bruto en contracción'],-0.022575346752563195,63.84000015258789,32.43000030517578
TYL,Technology,XLK,SALIDA,320.6499938964844,43.604651162790695,20.0,88.88888888888889,0,60.6640826873385,6.213592233009709,False,True,False,False,True,"['Stop ATR roto: cierre 320.65 < trailing stop 328.28', 'Fuerza relativa rompiendo: RS-line bajo su SMA50 durante 5 sesiones seguidas']",['No extendida (-6% sobre SMA50)'],"['Precio por debajo de SMA150 o SMA200', 'Medias móviles no alineadas alcistas', 'SMA200 sin pendiente alcista', 'Lejos del máximo de 52 semanas', 'Fuerza relativa insuficiente (RS 6)', 'Sin breakout reciente sobre resistencia']",['Margen bruto en expansión los últimos 4 trimestres'],-0.06405797295870487,611.760009765625,287.0400085449219
DVN,Energy,XLE,SALIDA,46.599998474121094,81.78294573643412,-20.0,55.55555555555556,0,60.60206718346254,85.24271844660194,True,True,False,True,True,"['Cierre por debajo de SMA50 (46.60 < 47.40) con volumen 2.6x', 'Fuerza relativa rompiendo: RS-line bajo su SMA50 durante 5 sesiones seguidas']","['Patrón de tendencia alcista (Stage 2)', 'No extendida (-2% sobre SMA50)', 'Fuerza relativa alta (RS 85/100)']",['Sin breakout reciente sobre resistencia'],['Margen bruto en contracción'],-0.01697493841382279,52.06999969482422,29.49610137939453
PSKY,Communication Services,XLC,SALIDA,10.90999984741211,81.5891472868217,20.0,27.77777777777778,0,60.58010335917312,25.8252427184466,False,True,False,False,True,['Fuerza relativa rompiendo: RS-line bajo su SMA50 durante 5 sesiones seguidas'],['No extendida (3% sobre SMA50)'],"['Precio por debajo de SMA150 o SMA200', 'Medias móviles no alineadas alcistas', 'SMA200 sin pendiente alcista', 'Lejos del máximo de 52 semanas', 'Fuerza relativa insuficiente (RS 26)', 'Sin breakout reciente sobre resistencia']",['Margen bruto en expansión los últimos 4 trimestres'],0.03443350813102282,19.553590774536133,8.789999961853027
SHW,Basic Materials,XLB,SALIDA,323.6300048828125,86.82170542635659,0.0,33.33333333333333,0,60.56201550387597,21.74757281553398,False,True,False,True,True,"['Cierre por debajo de SMA50 (323.63 < 328.42) con volumen 1.5x', 'Fuerza relativa rompiendo: RS-line bajo su SMA50 durante 5 sesiones seguidas', 'Fuerza relativa rompiendo: RS-line bajo su SMA50 durante 5 sesiones seguidas']",['No extendida (-1% sobre SMA50)'],"['Precio por debajo de SMA150 o SMA200', 'Medias móviles no alineadas alcistas', 'SMA200 sin pendiente alcista', 'Fuerza relativa insuficiente (RS 22)', 'Sin breakout reciente sobre resistencia']",[],-0.014583552146566026,373.5292053222656,303.5299987792969
EXR,Real Estate,XLRE,SALIDA,143.85000610351562,69.18604651162791,0.0,61.111111111111114,0,60.452196382428944,50.48543689320388,False,True,False,False,True,"['Fuerza relativa rompiendo: RS-line bajo su SMA50 durante 5 sesiones seguidas', 'Fuerza relativa rompiendo: RS-line bajo su SMA50 durante 5 sesiones seguidas']",['No extendida (3% sobre SMA50)'],"['Medias móviles no alineadas alcistas', 'SMA200 sin pendiente alcista', 'Fuerza relativa insuficiente (RS 50)', 'Sin breakout reciente sobre resistencia']",[],0.030148964393210412,150.9995880126953,123.72955322265625
NDSN,Industrials,XLI,SALIDA,286.94000244140625,82.94573643410853,0.0,38.88888888888889,0,60.400516795865634,78.05825242718447,False,True,False,False,True,"['Fuerza relativa rompiendo: RS-line bajo su SMA50 durante 5 sesiones seguidas', 'Fuerza relativa rompiendo: RS-line bajo su SMA50 durante 5 sesiones seguidas']",['No extendida (4% sobre SMA50)'],"['Fuerza relativa insuficiente (RS 78)', 'Sin breakout reciente sobre resistencia']",[],0.0406924984126049,298.3727111816406,185.84507751464844
COP,Energy,XLE,SALIDA,118.9000015258789,72.48062015503875,0.0,55.55555555555556,0,60.38113695090439,80.7766990291262,True,True,False,False,True,"['Cierre por debajo de SMA50 (118.90 < 122.75) con volumen 1.3x', 'Stop ATR roto: cierre 118.90 < trailing stop 121.27', 'Fuerza relativa rompiendo: RS-line bajo su SMA50 durante 5 sesiones seguidas', 'Fuerza relativa rompiendo: RS-line bajo su SMA50 durante 5 sesiones seguidas']","['Patrón de tendencia alcista (Stage 2)', 'No extendida (-3% sobre SMA50)', 'Fuerza relativa alta (RS 81/100)']",['Sin breakout reciente sobre resistencia'],"['Revisiones de analistas a la baja', 'Margen bruto en expansión los últimos 4 trimestres']",-0.0313329882575758,133.8000030517578,82.47491455078125
KIM,Real Estate,XLRE,SALIDA,23.799999237060547,68.7984496124031,0.0,61.111111111111114,0,60.29715762273902,68.3495145631068,False,True,False,False,True,"['Fuerza relativa rompiendo: RS-line bajo su SMA50 durante 5 sesiones seguidas', 'Fuerza relativa rompiendo: RS-line bajo su SMA50 durante 5 sesiones seguidas']",['No extendida (3% sobre SMA50)'],"['Fuerza relativa insuficiente (RS 68)', 'Sin breakout reciente sobre resistencia']",[],0.02729769258377863,24.190000534057617,19.399320602416992
VRT,Industrials,XLI,SALIDA,358.9200134277344,65.11627906976744,40.0,38.88888888888889,0,60.2687338501292,97.47572815533981,True,False,True,False,True,['Fuerza relativa rompiendo: RS-line bajo su SMA50 durante 5 sesiones seguidas'],"['Patrón de tendencia alcista (Stage 2)', 'Fuerza relativa alta (RS 97/100)', 'Línea de fuerza relativa en máximos']","['Demasiado extendida (27% sobre SMA50)', 'Breakout sin confirmación de volumen']","['Revisiones de analistas al alza', 'Margen bruto en expansión los últimos 4 trimestres']",0.274688852657702,358.9200134277344,93.3646011352539
PPG,Basic Materials,XLB,SALIDA,111.52999877929688,86.04651162790698,0.0,33.33333333333333,0,60.251937984496124,40.19417475728155,False,True,False,False,True,"['Fuerza relativa rompiendo: RS-line bajo su SMA50 durante 5 sesiones seguidas', 'Fuerza relativa rompiendo: RS-line bajo su SMA50 durante 5 sesiones seguidas']",['No extendida (3% sobre SMA50)'],"['Medias móviles no alineadas alcistas', 'SMA200 sin pendiente alcista', 'Fuerza relativa insuficiente (RS 40)', 'Sin breakout reciente sobre resistencia']",[],0.028876423289222474,130.8082275390625,93.68140411376953
MA,Financial Services,XLF,SALIDA,491.8900146484375,99.8062015503876,0.0,11.11111111111111,0,60.20025839793282,19.223300970873787,False,True,False,False,True,"['Cierre por debajo de SMA50 (491.89 < 505.72) con volumen 1.2x', 'Stop ATR roto: cierre 491.89 < trailing stop 498.78', 'Fuerza relativa rompiendo: RS-line bajo su SMA50 durante 5 sesiones seguidas', 'Fuerza relativa rompiendo: RS-line bajo su SMA50 durante 5 sesiones seguidas']",['No extendida (-3% sobre SMA50)'],"['Precio por debajo de SMA150 o SMA200', 'Medias móviles no alineadas alcistas', 'SMA200 sin pendiente alcista', 'Fuerza relativa insuficiente (RS 19)', 'Sin breakout reciente sobre resistencia']",[],-0.02734427296003975,596.24853515625,483.4092712402344
PNR,Industrials,XLI,SALIDA,79.91000366210938,72.86821705426357,20.0,38.88888888888889,0,59.86950904392765,12.427184466019417,False,True,False,False,True,"['Cierre por debajo de SMA50 (79.91 < 88.77) con volumen 1.3x', 'Stop ATR roto: cierre 79.91 < trailing stop 86.08', 'Fuerza relativa rompiendo: RS-line bajo su SMA50 durante 5 sesiones seguidas', 'Fuerza relativa rompiendo: RS-line bajo su SMA50 durante 5 sesiones seguidas']",['No extendida (-10% sobre SMA50)'],"['Precio por debajo de SMA150 o SMA200', 'Medias móviles no alineadas alcistas', 'SMA200 sin pendiente alcista', 'Lejos del máximo de 52 semanas', 'Fuerza relativa insuficiente (RS 12)', 'Sin breakout reciente sobre resistencia']",['Margen bruto en expansión los últimos 4 trimestres'],-0.09980602635405729,111.71430969238281,77.08000183105469
FCX,Basic Materials,XLB,SALIDA,60.88999938964844,85.07751937984496,0.0,33.33333333333333,0,59.86434108527132,85.43689320388349,False,True,False,False,True,"['Stop ATR roto: cierre 60.89 < trailing stop 63.21', 'Fuerza relativa rompiendo: RS-line bajo su SMA50 durante 5 sesiones seguidas', 'Fuerza relativa rompiendo: RS-line bajo su SMA50 durante 5 sesiones seguidas']","['No extendida (-1% sobre SMA50)', 'Fuerza relativa alta (RS 85/100)']",['Sin breakout reciente sobre resistencia'],"['Beat consistente últimos 2 trimestres', 'Margen bruto en contracción']",-0.010170940339591096,70.36000061035156,35.04899597167969
CL,Consumer Defensive,XLP,SALIDA,88.16000366210938,95.34883720930233,0.0,16.666666666666664,0,59.8062015503876,43.883495145631066,False,True,True,False,True,"['Fuerza relativa rompiendo: RS-line bajo su SMA50 durante 5 sesiones seguidas', 'Fuerza relativa rompiendo: RS-line bajo su SMA50 durante 5 sesiones seguidas']",['No extendida (1% sobre SMA50)'],"['SMA200 sin pendiente alcista', 'Fuerza relativa insuficiente (RS 44)', 'Breakout sin confirmación de volumen']",[],0.013240834373019579,98.52767181396484,74.06336975097656
RJF,Financial Services,XLF,SALIDA,159.3699951171875,98.64341085271317,0.0,11.11111111111111,0,59.73514211886305,35.92233009708738,False,True,True,False,True,"['Fuerza relativa rompiendo: RS-line bajo su SMA50 durante 5 sesiones seguidas', 'Fuerza relativa rompiendo: RS-line bajo su SMA50 durante 5 sesiones seguidas']",['No extendida (6% sobre SMA50)'],"['Precio por debajo de SMA150 o SMA200', 'Medias móviles no alineadas alcistas', 'SMA200 sin pendiente alcista', 'Fuerza relativa insuficiente (RS 36)', 'Breakout sin confirmación de volumen']",[],0.0637499166322152,174.6734619140625,139.25955200195312
MSI,Technology,XLK,SALIDA,433.6600036621094,31.782945736434108,40.0,88.88888888888889,0,59.435400516795866,50.873786407766985,False,True,False,True,True,"['Cierre por debajo de SMA50 (433.66 < 450.21) con volumen 1.5x', 'Fuerza relativa rompiendo: RS-line bajo su SMA50 durante 5 sesiones seguidas']",['No extendida (-4% sobre SMA50)'],"['Medias móviles no alineadas alcistas', 'Fuerza relativa insuficiente (RS 51)', 'Sin breakout reciente sobre resistencia']","['Beat consistente últimos 2 trimestres', 'Margen bruto en expansión los últimos 4 trimestres']",-0.03675069913128336,486.2826843261719,362.5321350097656
EBAY,Consumer Cyclical,XLY,SALIDA,108.1500015258789,82.17054263565892,20.0,22.22222222222222,0,59.423772609819125,84.66019417475728,False,True,True,False,True,['Fuerza relativa rompiendo: RS-line bajo su SMA50 durante 5 sesiones seguidas'],"['No extendida (13% sobre SMA50)', 'Fuerza relativa alta (RS 85/100)']","['Medias móviles no alineadas alcistas', 'Breakout sin confirmación de volumen']",['Margen bruto en expansión los últimos 4 trimestres'],0.13042660752118865,109.33000183105469,68.18974304199219
MCD,Consumer Cyclical,XLY,SALIDA,284.1000061035156,81.97674418604652,20.0,22.22222222222222,0,59.34625322997417,24.466019417475728,False,True,False,True,True,"['Cierre por debajo de SMA50 (284.10 < 310.79) con volumen 1.5x', 'Stop ATR roto: cierre 284.10 < trailing stop 297.06', 'Fuerza relativa rompiendo: RS-line bajo su SMA50 durante 5 sesiones seguidas', 'Fuerza relativa rompiendo: RS-line bajo su SMA50 durante 5 sesiones seguidas']",['No extendida (-9% sobre SMA50)'],"['Precio por debajo de SMA150 o SMA200', 'Fuerza relativa insuficiente (RS 24)', 'Sin breakout reciente sobre resistencia']",['Margen bruto en expansión los últimos 4 trimestres'],-0.0858824372647713,339.16534423828125,280.6763610839844
IBKR,Financial Services,XLF,SALIDA,87.04000091552734,88.56589147286822,20.0,11.11111111111111,0,59.20413436692507,87.37864077669903,True,True,True,False,True,['Fuerza relativa rompiendo: RS-line bajo su SMA50 durante 5 sesiones seguidas'],"['Patrón de tendencia alcista (Stage 2)', 'No extendida (20% sobre SMA50)', 'Fuerza relativa alta (RS 87/100)', 'Línea de fuerza relativa en máximos']",['Breakout sin confirmación de volumen'],['Margen bruto en expansión los últimos 4 trimestres'],0.20203032569824322,87.04000091552734,44.352787017822266
ALL,Financial Services,XLF,SALIDA,217.9199981689453,88.37209302325581,20.0,11.11111111111111,0,59.1266149870801,57.0873786407767,False,True,False,False,True,"['Fuerza relativa rompiendo: RS-line bajo su SMA50 durante 5 sesiones seguidas', 'Fuerza relativa rompiendo: RS-line bajo su SMA50 durante 5 sesiones seguidas']",['No extendida (3% sobre SMA50)'],"['Fuerza relativa insuficiente (RS 57)', 'Sin breakout reciente sobre resistencia']",['Beat consistente últimos 2 trimestres'],0.0320835267935224,219.8699951171875,188.15582275390625
GILD,Healthcare,XLV,SALIDA,136.3000030517578,91.27906976744185,20.0,5.555555555555555,0,58.90051679586563,63.10679611650486,False,True,False,False,True,"['Fuerza relativa rompiendo: RS-line bajo su SMA50 durante 5 sesiones seguidas', 'Fuerza relativa rompiendo: RS-line bajo su SMA50 durante 5 sesiones seguidas']",['No extendida (-2% sobre SMA50)'],"['Fuerza relativa insuficiente (RS 63)', 'Sin breakout reciente sobre resistencia']",['Margen bruto en expansión los últimos 4 trimestres'],-0.020849263134497416,154.92019653320312,94.39997863769531
PDD,Consumer Cyclical,XLY,SALIDA,102.30999755859375,98.06201550387597,-20.0,22.22222222222222,0,58.78036175710595,24.07766990291262,False,True,False,True,True,"['Fuerza relativa rompiendo: RS-line bajo su SMA50 durante 5 sesiones seguidas', 'Fuerza relativa rompiendo: RS-line bajo su SMA50 durante 5 sesiones seguidas']",['No extendida (1% sobre SMA50)'],"['Precio por debajo de SMA150 o SMA200', 'Medias móviles no alineadas alcistas', 'SMA200 sin pendiente alcista', 'Lejos del máximo de 52 semanas', 'Fuerza relativa insuficiente (RS 24)', 'Sin breakout reciente sobre resistencia']",['Margen bruto en contracción'],0.013257193721859932,138.1300048828125,96.19000244140625
EVRG,Utilities,XLU,SALIDA,80.98999786376953,71.89922480620154,0.0,50.0,0,58.75968992248062,59.22330097087378,True,True,False,True,True,"['Cierre por debajo de SMA50 (80.99 < 81.92) con volumen 1.5x', 'Stop ATR roto: cierre 80.99 < trailing stop 81.02', 'Fuerza relativa rompiendo: RS-line bajo su SMA50 durante 5 sesiones seguidas', 'Fuerza relativa rompiendo: RS-line bajo su SMA50 durante 5 sesiones seguidas']","['Patrón de tendencia alcista (Stage 2)', 'No extendida (-1% sobre SMA50)']","['Fuerza relativa insuficiente (RS 59)', 'Sin breakout reciente sobre resistencia']",[],-0.011380680352025418,84.41000366210938,61.72981262207031
ES,Utilities,XLU,SALIDA,68.5199966430664,80.23255813953489,-20.0,50.0,0,58.593023255813954,50.29126213592233,False,True,False,False,True,"['Fuerza relativa rompiendo: RS-line bajo su SMA50 durante 5 sesiones seguidas', 'Fuerza relativa rompiendo: RS-line bajo su SMA50 durante 5 sesiones seguidas']",['No extendida (-3% sobre SMA50)'],"['Precio por debajo de SMA150 o SMA200', 'Fuerza relativa insuficiente (RS 50)', 'Sin breakout reciente sobre resistencia']",['Margen bruto en contracción'],-0.026675638552447166,75.41268920898438,56.58633804321289
ROK,Industrials,XLI,SALIDA,459.3500061035156,60.27131782945736,40.0,38.88888888888889,0,58.33074935400517,84.46601941747572,False,True,True,False,True,['Fuerza relativa rompiendo: RS-line bajo su SMA50 durante 5 sesiones seguidas'],"['No extendida (19% sobre SMA50)', 'Fuerza relativa alta (RS 84/100)', 'Línea de fuerza relativa en máximos']","['Medias móviles no alineadas alcistas', 'Breakout sin confirmación de volumen']","['Beat consistente últimos 2 trimestres', 'Margen bruto en expansión los últimos 4 trimestres']",0.18831425820225636,459.3500061035156,249.22903442382812
PPL,Utilities,XLU,SALIDA,36.880001068115234,79.45736434108527,-20.0,50.0,0,58.28294573643411,49.90291262135923,False,True,False,False,True,"['Stop ATR roto: cierre 36.88 < trailing stop 37.96', 'Fuerza relativa rompiendo: RS-line bajo su SMA50 durante 5 sesiones seguidas', 'Fuerza relativa rompiendo: RS-line bajo su SMA50 durante 5 sesiones seguidas']",['No extendida (-4% sobre SMA50)'],"['Fuerza relativa insuficiente (RS 50)', 'Sin breakout reciente sobre resistencia']",['Margen bruto en contracción'],-0.03616174963326147,39.810001373291016,32.486175537109375
EPAM,Technology,XLK,SALIDA,106.97000122070312,37.5968992248062,20.0,88.88888888888889,0,58.2609819121447,1.9417475728155338,False,True,False,True,True,"['Cierre por debajo de SMA50 (106.97 < 130.80) con volumen 1.4x', 'Stop ATR roto: cierre 106.97 < trailing stop 122.37', 'Fuerza relativa rompiendo: RS-line bajo su SMA50 durante 5 sesiones seguidas']",['No extendida (-18% sobre SMA50)'],"['Precio por debajo de SMA150 o SMA200', 'Medias móviles no alineadas alcistas', 'SMA200 sin pendiente alcista', 'Lejos del máximo de 52 semanas', 'Fuerza relativa insuficiente (RS 2)', 'Sin breakout reciente sobre resistencia']",['Margen bruto en expansión los últimos 4 trimestres'],-0.182197781078743,221.39999389648438,106.97000122070312
ARE,Real Estate,XLRE,SALIDA,45.83000183105469,81.2015503875969,-40.0,61.111111111111114,0,58.258397932816536,7.572815533980583,False,True,False,True,True,"['Cierre por debajo de SMA50 (45.83 < 46.89) con volumen 1.5x', 'Fuerza relativa rompiendo: RS-line bajo su SMA50 durante 5 sesiones seguidas', 'Fuerza relativa rompiendo: RS-line bajo su SMA50 durante 5 sesiones seguidas']",['No extendida (-2% sobre SMA50)'],"['Precio por debajo de SMA150 o SMA200', 'Medias móviles no alineadas alcistas', 'SMA200 sin pendiente alcista', 'Lejos del máximo de 52 semanas', 'Fuerza relativa insuficiente (RS 8)', 'Sin breakout reciente sobre resistencia']","['Revisiones de analistas a la baja', 'Margen bruto en contracción']",-0.022574661999357943,83.51029205322266,40.40999984741211
EL,Consumer Defensive,XLP,SALIDA,86.66999816894531,73.64341085271317,40.0,16.666666666666664,0,58.12403100775193,32.42718446601941,False,True,True,False,True,"['Fuerza relativa rompiendo: RS-line bajo su SMA50 durante 5 sesiones seguidas', 'Fuerza relativa rompiendo: RS-line bajo su SMA50 durante 5 sesiones seguidas']",['No extendida (6% sobre SMA50)'],"['Precio por debajo de SMA150 o SMA200', 'Medias móviles no alineadas alcistas', 'SMA200 sin pendiente alcista', 'Lejos del máximo de 52 semanas', 'Fuerza relativa insuficiente (RS 32)', 'Breakout sin confirmación de volumen']","['Beat consistente últimos 2 trimestres', 'Margen bruto en expansión los últimos 4 trimestres']",0.055741778576126,119.23588562011719,57.6120491027832
CTVA,Basic Materials,XLB,SALIDA,81.7699966430664,88.95348837209302,-20.0,33.33333333333333,0,57.91472868217055,73.20388349514563,True,True,False,False,True,"['Fuerza relativa rompiendo: RS-line bajo su SMA50 durante 5 sesiones seguidas', 'Fuerza relativa rompiendo: RS-line bajo su SMA50 durante 5 sesiones seguidas']","['Patrón de tendencia alcista (Stage 2)', 'No extendida (1% sobre SMA50)']","['Fuerza relativa insuficiente (RS 73)', 'Sin breakout reciente sobre resistencia']",['Margen bruto en contracción'],0.014337780443167417,85.45999908447266,60.700584411621094
RL,Consumer Cyclical,XLY,SALIDA,372.1499938964844,78.29457364341084,20.0,22.22222222222222,0,57.8733850129199,77.66990291262135,False,True,False,False,True,"['Fuerza relativa rompiendo: RS-line bajo su SMA50 durante 5 sesiones seguidas', 'Fuerza relativa rompiendo: RS-line bajo su SMA50 durante 5 sesiones seguidas']",['No extendida (4% sobre SMA50)'],"['Fuerza relativa insuficiente (RS 78)', 'Sin breakout reciente sobre resistencia']",['Beat consistente últimos 2 trimestres'],0.04281925422258161,389.5199890136719,234.4470672607422
BX,Financial Services,XLF,SALIDA,124.69000244140625,93.7984496124031,0.0,11.11111111111111,0,57.79715762273902,20.19417475728155,False,True,False,False,True,['Fuerza relativa rompiendo: RS-line bajo su SMA50 durante 5 sesiones seguidas'],['No extendida (8% sobre SMA50)'],"['Precio por debajo de SMA150 o SMA200', 'Medias móviles no alineadas alcistas', 'SMA200 sin pendiente alcista', 'Lejos del máximo de 52 semanas', 'Fuerza relativa insuficiente (RS 20)', 'Sin breakout reciente sobre resistencia']",[],0.07831602243695572,183.17422485351562,101.18245697021484
ZBRA,Technology,XLK,SALIDA,229.75999450683594,53.875968992248055,-20.0,88.88888888888889,0,57.77260981912145,18.446601941747574,False,True,False,False,True,['Fuerza relativa rompiendo: RS-line bajo su SMA50 durante 5 sesiones seguidas'],['No extendida (5% sobre SMA50)'],"['Precio por debajo de SMA150 o SMA200', 'Medias móviles no alineadas alcistas', 'SMA200 sin pendiente alcista', 'Lejos del máximo de 52 semanas', 'Fuerza relativa insuficiente (RS 18)', 'Sin breakout reciente sobre resistencia']",['Margen bruto en contracción'],0.049806384566220815,341.3599853515625,199.3000030517578
GS,Financial Services,XLF,SALIDA,937.3499755859375,84.68992248062015,20.0,11.11111111111111,0,57.65374677002584,80.58252427184466,True,True,False,False,True,['Fuerza relativa rompiendo: RS-line bajo su SMA50 durante 5 sesiones seguidas'],"['Patrón de tendencia alcista (Stage 2)', 'No extendida (8% sobre SMA50)', 'Fuerza relativa alta (RS 81/100)']",['Sin breakout reciente sobre resistencia'],['Beat consistente últimos 2 trimestres'],0.07601264953297965,970.7511596679688,538.2098999023438
TRV,Financial Services,XLF,SALIDA,301.5899963378906,84.49612403100775,20.0,11.11111111111111,0,57.57622739018088,58.05825242718446,False,True,False,False,True,"['Fuerza relativa rompiendo: RS-line bajo su SMA50 durante 5 sesiones seguidas', 'Fuerza relativa rompiendo: RS-line bajo su SMA50 durante 5 sesiones seguidas']",['No extendida (0% sobre SMA50)'],"['Fuerza relativa insuficiente (RS 58)', 'Sin breakout reciente sobre resistencia']",['Beat consistente últimos 2 trimestres'],0.003307942245578411,310.8979187011719,247.72657775878906
DUK,Utilities,XLU,SALIDA,125.54000091552734,77.51937984496125,-20.0,50.0,0,57.5077519379845,48.54368932038835,False,True,False,True,True,"['Cierre por debajo de SMA50 (125.54 < 129.68) con volumen 1.5x', 'Stop ATR roto: cierre 125.54 < trailing stop 127.59', 'Fuerza relativa rompiendo: RS-line bajo su SMA50 durante 5 sesiones seguidas', 'Fuerza relativa rompiendo: RS-line bajo su SMA50 durante 5 sesiones seguidas']",['No extendida (-3% sobre SMA50)'],"['Fuerza relativa insuficiente (RS 49)', 'Sin breakout reciente sobre resistencia']",['Margen bruto en contracción'],-0.03195608761587264,133.4600067138672,108.61399841308594
HLT,Consumer Cyclical,XLY,SALIDA,321.510009765625,94.76744186046511,-20.0,22.22222222222222,0,57.4625322997416,71.84466019417476,True,True,False,False,True,"['Fuerza relativa rompiendo: RS-line bajo su SMA50 durante 5 sesiones seguidas', 'Fuerza relativa rompiendo: RS-line bajo su SMA50 durante 5 sesiones seguidas']","['Patrón de tendencia alcista (Stage 2)', 'No extendida (3% sobre SMA50)']","['Fuerza relativa insuficiente (RS 72)', 'Sin breakout reciente sobre resistencia']",['Margen bruto en contracción'],0.02914870151148866,342.8900146484375,236.07217407226562
SCHW,Financial Services,XLF,SALIDA,92.1500015258789,92.82945736434108,0.0,11.11111111111111,0,57.40956072351421,32.038834951456316,False,True,False,False,True,"['Stop ATR roto: cierre 92.15 < trailing stop 92.98', 'Fuerza relativa rompiendo: RS-line bajo su SMA50 durante 5 sesiones seguidas', 'Fuerza relativa rompiendo: RS-line bajo su SMA50 durante 5 sesiones seguidas']",['No extendida (-2% sobre SMA50)'],"['Precio por debajo de SMA150 o SMA200', 'Medias móviles no alineadas alcistas', 'Fuerza relativa insuficiente (RS 32)', 'Sin breakout reciente sobre resistencia']",[],-0.016984860459092855,106.84917449951172,81.8232650756836
APH,Technology,XLK,SALIDA,138.47000122070312,35.46511627906977,20.0,88.88888888888889,0,57.40826873385013,77.86407766990291,False,True,False,False,True,['Stop ATR roto: cierre 138.47 < trailing stop 139.48'],['No extendida (1% sobre SMA50)'],"['Medias móviles no alineadas alcistas', 'Fuerza relativa insuficiente (RS 78)', 'Sin breakout reciente sobre resistencia']",['Revisiones de analistas al alza'],0.00603289372155024,165.92205810546875,79.14968872070312
NFLX,Communication Services,XLC,SALIDA,88.2699966430664,82.36434108527132,0.0,27.77777777777778,0,57.390180878552975,22.718446601941746,False,True,False,False,True,"['Stop ATR roto: cierre 88.27 < trailing stop 100.31', 'Fuerza relativa rompiendo: RS-line bajo su SMA50 durante 5 sesiones seguidas', 'Fuerza relativa rompiendo: RS-line bajo su SMA50 durante 5 sesiones seguidas']",['No extendida (-7% sobre SMA50)'],"['Precio por debajo de SMA150 o SMA200', 'Medias móviles no alineadas alcistas', 'SMA200 sin pendiente alcista', 'Lejos del máximo de 52 semanas', 'Fuerza relativa insuficiente (RS 23)', 'Sin breakout reciente sobre resistencia']",[],-0.0744255704959193,133.91299438476562,75.86000061035156
AME,Industrials,XLI,SALIDA,241.3800048828125,66.66666666666666,20.0,38.88888888888889,0,57.388888888888886,76.11650485436893,False,True,True,False,True,"['Fuerza relativa rompiendo: RS-line bajo su SMA50 durante 5 sesiones seguidas', 'Fuerza relativa rompiendo: RS-line bajo su SMA50 durante 5 sesiones seguidas']",['No extendida (7% sobre SMA50)'],"['Fuerza relativa insuficiente (RS 76)', 'Breakout sin confirmación de volumen']",['Margen bruto en expansión los últimos 4 trimestres'],0.0688984062387101,241.3800048828125,166.76231384277344
CLX,Consumer Defensive,XLP,SALIDA,90.01000213623047,97.86821705426357,-20.0,16.666666666666664,0,57.31395348837209,7.766990291262135,False,True,False,True,True,"['Cierre por debajo de SMA50 (90.01 < 104.58) con volumen 1.8x', 'Stop ATR roto: cierre 90.01 < trailing stop 97.53', 'Fuerza relativa rompiendo: RS-line bajo su SMA50 durante 5 sesiones seguidas', 'Fuerza relativa rompiendo: RS-line bajo su SMA50 durante 5 sesiones seguidas']",['No extendida (-14% sobre SMA50)'],"['Precio por debajo de SMA150 o SMA200', 'Medias móviles no alineadas alcistas', 'SMA200 sin pendiente alcista', 'Lejos del máximo de 52 semanas', 'Fuerza relativa insuficiente (RS 8)', 'Sin breakout reciente sobre resistencia']",['Margen bruto en contracción'],-0.1392926055176287,132.1056671142578,86.12000274658203
AIG,Financial Services,XLF,SALIDA,77.69000244140625,92.05426356589147,0.0,11.11111111111111,0,57.09948320413437,36.50485436893204,False,True,False,False,True,"['Fuerza relativa rompiendo: RS-line bajo su SMA50 durante 5 sesiones seguidas', 'Fuerza relativa rompiendo: RS-line bajo su SMA50 durante 5 sesiones seguidas']",['No extendida (1% sobre SMA50)'],"['Medias móviles no alineadas alcistas', 'SMA200 sin pendiente alcista', 'Fuerza relativa insuficiente (RS 37)', 'Sin breakout reciente sobre resistencia']",[],0.013142922948569708,86.08223724365234,71.46843719482422
TEL,Technology,XLK,SALIDA,216.1699981689453,34.689922480620154,20.0,88.88888888888889,0,57.09819121447028,56.310679611650485,False,True,False,False,True,"['Stop ATR roto: cierre 216.17 < trailing stop 227.66', 'Fuerza relativa rompiendo: RS-line bajo su SMA50 durante 5 sesiones seguidas']",['No extendida (1% sobre SMA50)'],"['Precio por debajo de SMA150 o SMA200', 'Medias móviles no alineadas alcistas', 'Fuerza relativa insuficiente (RS 56)', 'Sin breakout reciente sobre resistencia']",['Margen bruto en expansión los últimos 4 trimestres'],0.00902836607246789,248.23928833007812,146.90818786621094
RMD,Healthcare,XLV,SALIDA,209.63999938964844,86.43410852713178,20.0,5.555555555555555,0,56.9625322997416,12.815533980582524,False,True,False,False,True,"['Cierre por debajo de SMA50 (209.64 < 230.02) con volumen 1.3x', 'Stop ATR roto: cierre 209.64 < trailing stop 217.55', 'Fuerza relativa rompiendo: RS-line bajo su SMA50 durante 5 sesiones seguidas', 'Fuerza relativa rompiendo: RS-line bajo su SMA50 durante 5 sesiones seguidas']",['No extendida (-9% sobre SMA50)'],"['Precio por debajo de SMA150 o SMA200', 'Medias móviles no alineadas alcistas', 'SMA200 sin pendiente alcista', 'Lejos del máximo de 52 semanas', 'Fuerza relativa insuficiente (RS 13)', 'Sin breakout reciente sobre resistencia']",['Margen bruto en expansión los últimos 4 trimestres'],-0.08861921835466054,292.3558044433594,205.02000427246094
V,Financial Services,XLF,SALIDA,318.79998779296875,91.66666666666666,0.0,11.11111111111111,0,56.94444444444444,28.54368932038835,False,True,False,False,True,"['Stop ATR roto: cierre 318.80 < trailing stop 321.01', 'Fuerza relativa rompiendo: RS-line bajo su SMA50 durante 5 sesiones seguidas']",['No extendida (2% sobre SMA50)'],"['Precio por debajo de SMA150 o SMA200', 'Medias móviles no alineadas alcistas', 'SMA200 sin pendiente alcista', 'Fuerza relativa insuficiente (RS 29)', 'Sin breakout reciente sobre resistencia']",[],0.02408721941407267,371.1522521972656,295.5199890136719
AEE,Utilities,XLU,SALIDA,109.58999633789062,49.6124031007752,40.0,50.0,0,56.844961240310084,56.50485436893204,False,True,False,True,True,"['Cierre por debajo de SMA50 (109.59 < 111.00) con volumen 1.6x', 'Fuerza relativa rompiendo: RS-line bajo su SMA50 durante 5 sesiones seguidas', 'Fuerza relativa rompiendo: RS-line bajo su SMA50 durante 5 sesiones seguidas']",['No extendida (-1% sobre SMA50)'],"['Fuerza relativa insuficiente (RS 57)', 'Sin breakout reciente sobre resistencia']","['Beat consistente últimos 2 trimestres', 'Margen bruto en expansión los últimos 4 trimestres']",-0.012681720305787823,114.31999969482422,91.669921875
NWSA,Communication Services,XLC,SALIDA,26.200000762939453,72.09302325581395,20.0,27.77777777777778,0,56.78165374677002,36.116504854368934,False,True,False,False,True,['Fuerza relativa rompiendo: RS-line bajo su SMA50 durante 5 sesiones seguidas'],['No extendida (5% sobre SMA50)'],"['Precio por debajo de SMA150 o SMA200', 'Medias móviles no alineadas alcistas', 'SMA200 sin pendiente alcista', 'Fuerza relativa insuficiente (RS 36)', 'Sin breakout reciente sobre resistencia']",['Beat consistente últimos 2 trimestres'],0.05411801981335895,30.900869369506836,22.306781768798828
KMB,Consumer Defensive,XLP,SALIDA,99.19000244140625,78.48837209302324,20.0,16.666666666666664,0,56.56201550387596,20.776699029126213,False,True,False,False,True,"['Fuerza relativa rompiendo: RS-line bajo su SMA50 durante 5 sesiones seguidas', 'Fuerza relativa rompiendo: RS-line bajo su SMA50 durante 5 sesiones seguidas']",['No extendida (-0% sobre SMA50)'],"['Precio por debajo de SMA150 o SMA200', 'Medias móviles no alineadas alcistas', 'SMA200 sin pendiente alcista', 'Lejos del máximo de 52 semanas', 'Fuerza relativa insuficiente (RS 21)', 'Sin breakout reciente sobre resistencia']",['Margen bruto en expansión los últimos 4 trimestres'],-0.0016983985557104634,137.7151336669922,93.05000305175781
ACGL,Financial Services,XLF,SALIDA,94.69999694824219,90.31007751937985,0.0,11.11111111111111,0,56.40180878552972,40.77669902912621,False,True,False,True,True,"['Cierre por debajo de SMA50 (94.70 < 96.04) con volumen 1.7x', 'Fuerza relativa rompiendo: RS-line bajo su SMA50 durante 5 sesiones seguidas', 'Fuerza relativa rompiendo: RS-line bajo su SMA50 durante 5 sesiones seguidas']",['No extendida (-1% sobre SMA50)'],"['Fuerza relativa insuficiente (RS 41)', 'Sin breakout reciente sobre resistencia']",[],-0.013944334529882479,101.9800033569336,84.72000122070312
TRGP,Energy,XLE,SALIDA,249.5,53.48837209302325,20.0,55.55555555555556,0,56.28423772609818,89.70873786407768,True,True,False,False,True,['Fuerza relativa rompiendo: RS-line bajo su SMA50 durante 5 sesiones seguidas'],"['Patrón de tendencia alcista (Stage 2)', 'No extendida (3% sobre SMA50)', 'Fuerza relativa alta (RS 90/100)']",['Sin breakout reciente sobre resistencia'],"['Revisiones de analistas a la baja', 'Beat consistente últimos 2 trimestres', 'Margen bruto en expansión los últimos 4 trimestres']",0.03397002749900105,260.0799865722656,143.89059448242188
EFX,Industrials,XLI,SALIDA,173.1999969482422,81.0077519379845,-20.0,38.88888888888889,0,56.12532299741602,13.78640776699029,False,True,False,False,True,"['Stop ATR roto: cierre 173.20 < trailing stop 180.10', 'Fuerza relativa rompiendo: RS-line bajo su SMA50 durante 5 sesiones seguidas', 'Fuerza relativa rompiendo: RS-line bajo su SMA50 durante 5 sesiones seguidas']",['No extendida (-6% sobre SMA50)'],"['Precio por debajo de SMA150 o SMA200', 'Medias móviles no alineadas alcistas', 'SMA200 sin pendiente alcista', 'Lejos del máximo de 52 semanas', 'Fuerza relativa insuficiente (RS 14)', 'Sin breakout reciente sobre resistencia']",['Margen bruto en contracción'],-0.06459101887654585,278.0341796875,169.5
DOC,Real Estate,XLRE,SALIDA,19.5,58.333333333333336,0.0,61.111111111111114,0,56.111111111111114,71.45631067961165,False,True,True,True,True,['Fuerza relativa rompiendo: RS-line bajo su SMA50 durante 5 sesiones seguidas'],"['No extendida (16% sobre SMA50)', 'Línea de fuerza relativa en máximos', 'Breakout sobre pivot con volumen 3.4× lo normal']","['Medias móviles no alineadas alcistas', 'SMA200 sin pendiente alcista', 'Fuerza relativa insuficiente (RS 71)']","['Beat consistente últimos 2 trimestres', 'Margen bruto en contracción']",0.1570902968059859,19.5,15.406377792358398
LULU,Consumer Cyclical,XLY,SALIDA,132.0399932861328,91.08527131782945,-20.0,22.22222222222222,0,55.98966408268734,2.912621359223301,False,True,False,False,True,"['Stop ATR roto: cierre 132.04 < trailing stop 151.94', 'Fuerza relativa rompiendo: RS-line bajo su SMA50 durante 5 sesiones seguidas', 'Fuerza relativa rompiendo: RS-line bajo su SMA50 durante 5 sesiones seguidas']",['No extendida (-17% sobre SMA50)'],"['Precio por debajo de SMA150 o SMA200', 'Medias móviles no alineadas alcistas', 'SMA200 sin pendiente alcista', 'Lejos del máximo de 52 semanas', 'Fuerza relativa insuficiente (RS 3)', 'Sin breakout reciente sobre resistencia']",['Margen bruto en contracción'],-0.16757453694700494,335.19000244140625,128.97999572753906
JKHY,Technology,XLK,SALIDA,142.8800048828125,22.48062015503876,40.0,88.88888888888889,0,55.71447028423773,17.281553398058254,False,True,False,True,True,"['Cierre por debajo de SMA50 (142.88 < 158.49) con volumen 2.0x', 'Stop ATR roto: cierre 142.88 < trailing stop 149.93', 'Fuerza relativa rompiendo: RS-line bajo su SMA50 durante 5 sesiones seguidas']",['No extendida (-10% sobre SMA50)'],"['Precio por debajo de SMA150 o SMA200', 'Medias móviles no alineadas alcistas', 'SMA200 sin pendiente alcista', 'Lejos del máximo de 52 semanas', 'Fuerza relativa insuficiente (RS 17)', 'Sin breakout reciente sobre resistencia']","['Beat consistente últimos 2 trimestres', 'Margen bruto en expansión los últimos 4 trimestres']",-0.09851990478633342,191.9024658203125,142.8800048828125
IFF,Basic Materials,XLB,SALIDA,82.93000030517578,83.33333333333334,-20.0,33.33333333333333,0,55.66666666666667,70.87378640776699,False,True,True,True,True,['Fuerza relativa rompiendo: RS-line bajo su SMA50 durante 5 sesiones seguidas'],"['No extendida (15% sobre SMA50)', 'Breakout sobre pivot con volumen 2.8× lo normal']","['SMA200 sin pendiente alcista', 'Fuerza relativa insuficiente (RS 71)']",['Margen bruto en contracción'],0.14555973833385238,82.93000030517578,58.838348388671875
AOS,Industrials,XLI,SALIDA,61.060001373291016,79.65116279069767,-20.0,38.88888888888889,0,55.582687338501295,16.50485436893204,False,True,False,False,True,"['Stop ATR roto: cierre 61.06 < trailing stop 61.74', 'Fuerza relativa rompiendo: RS-line bajo su SMA50 durante 5 sesiones seguidas', 'Fuerza relativa rompiendo: RS-line bajo su SMA50 durante 5 sesiones seguidas']",['No extendida (-8% sobre SMA50)'],"['Precio por debajo de SMA150 o SMA200', 'Medias móviles no alineadas alcistas', 'SMA200 sin pendiente alcista', 'Fuerza relativa insuficiente (RS 17)', 'Sin breakout reciente sobre resistencia']",['Margen bruto en contracción'],-0.07761924369283468,80.01508331298828,58.86000061035156
TDY,Technology,XLK,SALIDA,644.1300048828125,30.813953488372093,20.0,88.88888888888889,0,55.547803617571056,68.54368932038835,False,True,False,False,True,['Fuerza relativa rompiendo: RS-line bajo su SMA50 durante 5 sesiones seguidas'],['No extendida (0% sobre SMA50)'],"['Fuerza relativa insuficiente (RS 69)', 'Sin breakout reciente sobre resistencia']",['Beat consistente últimos 2 trimestres'],0.0019855317800423467,688.5900268554688,476.2300109863281
KKR,Financial Services,XLF,SALIDA,100.79000091552734,70.54263565891473,40.0,11.11111111111111,0,55.49483204134368,18.25242718446602,False,True,False,False,True,['Fuerza relativa rompiendo: RS-line bajo su SMA50 durante 5 sesiones seguidas'],['No extendida (6% sobre SMA50)'],"['Precio por debajo de SMA150 o SMA200', 'Medias móviles no alineadas alcistas', 'SMA200 sin pendiente alcista', 'Lejos del máximo de 52 semanas', 'Fuerza relativa insuficiente (RS 18)', 'Sin breakout reciente sobre resistencia']","['Revisiones de analistas al alza', 'Margen bruto en expansión los últimos 4 trimestres']",0.06324174352829952,151.4523468017578,83.87999725341797
WSM,Consumer Cyclical,XLY,SALIDA,186.47000122070312,72.28682170542635,20.0,22.22222222222222,0,55.4702842377261,31.456310679611647,False,True,False,False,True,"['Stop ATR roto: cierre 186.47 < trailing stop 188.71', 'Fuerza relativa rompiendo: RS-line bajo su SMA50 durante 5 sesiones seguidas', 'Fuerza relativa rompiendo: RS-line bajo su SMA50 durante 5 sesiones seguidas']",['No extendida (-1% sobre SMA50)'],"['Precio por debajo de SMA150 o SMA200', 'Medias móviles no alineadas alcistas', 'Fuerza relativa insuficiente (RS 31)', 'Sin breakout reciente sobre resistencia']",['Margen bruto en expansión los últimos 4 trimestres'],-0.006045025220172999,219.7942352294922,151.7382354736328
ADP,Technology,XLK,SALIDA,207.1999969482422,30.426356589147286,20.0,88.88888888888889,0,55.39276485788114,11.262135922330096,False,True,False,False,True,['Fuerza relativa rompiendo: RS-line bajo su SMA50 durante 5 sesiones seguidas'],['No extendida (0% sobre SMA50)'],"['Precio por debajo de SMA150 o SMA200', 'Medias móviles no alineadas alcistas', 'SMA200 sin pendiente alcista', 'Lejos del máximo de 52 semanas', 'Fuerza relativa insuficiente (RS 11)', 'Sin breakout reciente sobre resistencia']",['Margen bruto en expansión los últimos 4 trimestres'],0.0033177806724261523,318.79315185546875,188.7899932861328
PM,Consumer Defensive,XLP,SALIDA,170.52999877929688,84.10852713178295,0.0,16.666666666666664,0,55.310077519379846,47.37864077669903,False,True,False,False,True,"['Fuerza relativa rompiendo: RS-line bajo su SMA50 durante 5 sesiones seguidas', 'Fuerza relativa rompiendo: RS-line bajo su SMA50 durante 5 sesiones seguidas']",['No extendida (3% sobre SMA50)'],"['SMA200 sin pendiente alcista', 'Fuerza relativa insuficiente (RS 47)', 'Sin breakout reciente sobre resistencia']",[],0.025320441090028956,188.12066650390625,141.760009765625
BIIB,Healthcare,XLV,SALIDA,190.67999267578125,90.89147286821705,0.0,5.555555555555555,0,55.245478036175705,80.97087378640776,False,True,False,False,True,"['Fuerza relativa rompiendo: RS-line bajo su SMA50 durante 5 sesiones seguidas', 'Fuerza relativa rompiendo: RS-line bajo su SMA50 durante 5 sesiones seguidas']","['No extendida (3% sobre SMA50)', 'Fuerza relativa alta (RS 81/100)']",['Sin breakout reciente sobre resistencia'],"['Beat consistente últimos 2 trimestres', 'Margen bruto en contracción']",0.034157305127081775,201.17999267578125,116.81999969482422
IBM,Technology,XLK,SALIDA,225.74000549316406,38.759689922480625,0.0,88.88888888888889,0,55.22609819121447,14.174757281553399,False,True,False,False,True,"['Cierre por debajo de SMA50 (225.74 < 242.67) con volumen 1.3x', 'Stop ATR roto: cierre 225.74 < trailing stop 236.39', 'Fuerza relativa rompiendo: RS-line bajo su SMA50 durante 5 sesiones seguidas']",['No extendida (-7% sobre SMA50)'],"['Precio por debajo de SMA150 o SMA200', 'Medias móviles no alineadas alcistas', 'SMA200 sin pendiente alcista', 'Lejos del máximo de 52 semanas', 'Fuerza relativa insuficiente (RS 14)', 'Sin breakout reciente sobre resistencia']","['Beat consistente últimos 2 trimestres', 'Margen bruto en contracción']",-0.06976396656019943,313.1943359375,223.35000610351562
INCY,Healthcare,XLV,SALIDA,99.8499984741211,90.50387596899225,0.0,5.555555555555555,0,55.09043927648579,70.09708737864078,False,True,False,False,True,"['Fuerza relativa rompiendo: RS-line bajo su SMA50 durante 5 sesiones seguidas', 'Fuerza relativa rompiendo: RS-line bajo su SMA50 durante 5 sesiones seguidas']",['No extendida (4% sobre SMA50)'],"['Medias móviles no alineadas alcistas', 'Fuerza relativa insuficiente (RS 70)', 'Sin breakout reciente sobre resistencia']","['Revisiones de analistas al alza', 'Margen bruto en contracción']",0.04493479445870088,110.56999969482422,58.97999954223633
NWS,Communication Services,XLC,SALIDA,30.229999542236328,67.44186046511628,20.0,27.77777777777778,0,54.92118863049096,38.25242718446602,False,True,False,False,True,['Fuerza relativa rompiendo: RS-line bajo su SMA50 durante 5 sesiones seguidas'],['No extendida (7% sobre SMA50)'],"['Medias móviles no alineadas alcistas', 'SMA200 sin pendiente alcista', 'Fuerza relativa insuficiente (RS 38)', 'Sin breakout reciente sobre resistencia']",['Beat consistente últimos 2 trimestres'],0.066613230300974,34.932804107666016,25.555767059326172
DXCM,Healthcare,XLV,SALIDA,60.36000061035156,80.42635658914729,20.0,5.555555555555555,0,54.559431524547804,15.53398058252427,False,True,False,False,True,"['Cierre por debajo de SMA50 (60.36 < 65.06) con volumen 1.4x', 'Fuerza relativa rompiendo: RS-line bajo su SMA50 durante 5 sesiones seguidas', 'Fuerza relativa rompiendo: RS-line bajo su SMA50 durante 5 sesiones seguidas']",['No extendida (-7% sobre SMA50)'],"['Precio por debajo de SMA150 o SMA200', 'Medias móviles no alineadas alcistas', 'SMA200 sin pendiente alcista', 'Lejos del máximo de 52 semanas', 'Fuerza relativa insuficiente (RS 16)', 'Sin breakout reciente sobre resistencia']",['Margen bruto en expansión los últimos 4 trimestres'],-0.0722466997712341,89.52999877929688,54.84000015258789
HIG,Financial Services,XLF,SALIDA,133.49000549316406,85.65891472868216,0.0,11.11111111111111,0,54.541343669250644,42.9126213592233,False,True,False,False,True,"['Fuerza relativa rompiendo: RS-line bajo su SMA50 durante 5 sesiones seguidas', 'Fuerza relativa rompiendo: RS-line bajo su SMA50 durante 5 sesiones seguidas']",['No extendida (-2% sobre SMA50)'],"['Precio por debajo de SMA150 o SMA200', 'Fuerza relativa insuficiente (RS 43)', 'Sin breakout reciente sobre resistencia']",[],-0.024487943483464978,142.91848754882812,118.23137664794922
AXP,Financial Services,XLF,SALIDA,321.8999938964844,85.46511627906976,0.0,11.11111111111111,0,54.463824289405686,35.33980582524272,False,True,False,False,True,"['Fuerza relativa rompiendo: RS-line bajo su SMA50 durante 5 sesiones seguidas', 'Fuerza relativa rompiendo: RS-line bajo su SMA50 durante 5 sesiones seguidas']",['No extendida (3% sobre SMA50)'],"['Precio por debajo de SMA150 o SMA200', 'Medias móviles no alineadas alcistas', 'Fuerza relativa insuficiente (RS 35)', 'Sin breakout reciente sobre resistencia']",[],0.03497002381725865,382.8266296386719,272.51348876953125
FIX,Industrials,XLI,SALIDA,2011.489990234375,50.58139534883721,40.0,38.88888888888889,0,54.45478036175711,98.05825242718447,True,False,True,False,True,['Fuerza relativa rompiendo: RS-line bajo su SMA50 durante 5 sesiones seguidas'],"['Patrón de tendencia alcista (Stage 2)', 'Fuerza relativa alta (RS 98/100)', 'Línea de fuerza relativa en máximos']","['Demasiado extendida (31% sobre SMA50)', 'Breakout sin confirmación de volumen']","['Beat consistente últimos 2 trimestres', 'Margen bruto en expansión los últimos 4 trimestres']",0.30856829514688977,2011.489990234375,427.7619323730469
PODD,Healthcare,XLV,SALIDA,151.27999877929688,62.4031007751938,60.0,5.555555555555555,0,54.35012919896641,0.3883495145631068,False,True,False,True,True,"['Cierre por debajo de SMA50 (151.28 < 210.86) con volumen 4.0x', 'Stop ATR roto: cierre 151.28 < trailing stop 186.38', 'Fuerza relativa rompiendo: RS-line bajo su SMA50 durante 5 sesiones seguidas', 'Fuerza relativa rompiendo: RS-line bajo su SMA50 durante 5 sesiones seguidas']",['No extendida (-28% sobre SMA50)'],"['Precio por debajo de SMA150 o SMA200', 'Medias móviles no alineadas alcistas', 'SMA200 sin pendiente alcista', 'Lejos del máximo de 52 semanas', 'Fuerza relativa insuficiente (RS 0)', 'Sin breakout reciente sobre resistencia']","['Revisiones de analistas al alza', 'Beat consistente últimos 2 trimestres', 'Margen bruto en expansión los últimos 4 trimestres']",-0.2825551102738225,352.82000732421875,151.27999877929688
CINF,Financial Services,XLF,SALIDA,160.42999267578125,76.35658914728683,20.0,11.11111111111111,0,54.32041343669251,46.79611650485437,False,True,False,False,True,"['Fuerza relativa rompiendo: RS-line bajo su SMA50 durante 5 sesiones seguidas', 'Fuerza relativa rompiendo: RS-line bajo su SMA50 durante 5 sesiones seguidas']",['No extendida (-1% sobre SMA50)'],"['Precio por debajo de SMA150 o SMA200', 'Fuerza relativa insuficiente (RS 47)', 'Sin breakout reciente sobre resistencia']",['Beat consistente últimos 2 trimestres'],-0.011610358064437826,171.6368865966797,141.3415069580078
EQR,Real Estate,XLRE,SALIDA,66.16000366210938,71.12403100775194,-40.0,61.111111111111114,0,54.22739018087855,51.84466019417475,False,True,False,False,True,['Fuerza relativa rompiendo: RS-line bajo su SMA50 durante 5 sesiones seguidas'],['No extendida (8% sobre SMA50)'],"['Medias móviles no alineadas alcistas', 'SMA200 sin pendiente alcista', 'Fuerza relativa insuficiente (RS 52)', 'Sin breakout reciente sobre resistencia']","['Miss consistente últimos 2 trimestres', 'Margen bruto en contracción']",0.07951393402870176,68.4885482788086,57.286216735839844
IR,Industrials,XLI,SALIDA,78.6500015258789,76.16279069767442,-20.0,38.88888888888889,0,54.187338501292,26.21359223300971,False,True,False,False,True,"['Cierre por debajo de SMA50 (78.65 < 83.88) con volumen 1.4x', 'Stop ATR roto: cierre 78.65 < trailing stop 80.13', 'Fuerza relativa rompiendo: RS-line bajo su SMA50 durante 5 sesiones seguidas', 'Fuerza relativa rompiendo: RS-line bajo su SMA50 durante 5 sesiones seguidas']",['No extendida (-6% sobre SMA50)'],"['Precio por debajo de SMA150 o SMA200', 'SMA200 sin pendiente alcista', 'Fuerza relativa insuficiente (RS 26)', 'Sin breakout reciente sobre resistencia']",['Margen bruto en contracción'],-0.062305775002835746,98.73841857910156,73.5439224243164
HST,Real Estate,XLRE,SALIDA,21.68000030517578,62.2093023255814,-20.0,61.111111111111114,0,54.161498708010335,85.63106796116506,True,True,True,False,True,['Fuerza relativa rompiendo: RS-line bajo su SMA50 durante 5 sesiones seguidas'],"['Patrón de tendencia alcista (Stage 2)', 'No extendida (9% sobre SMA50)', 'Fuerza relativa alta (RS 86/100)']",['Breakout sin confirmación de volumen'],['Margen bruto en contracción'],0.09440185939643908,21.68000030517578,13.715543746948242
EXC,Utilities,XLU,SALIDA,45.02000045776367,51.55038759689923,20.0,50.0,0,54.12015503875969,43.30097087378641,False,True,False,False,True,"['Cierre por debajo de SMA50 (45.02 < 48.09) con volumen 1.3x', 'Stop ATR roto: cierre 45.02 < trailing stop 47.13', 'Fuerza relativa rompiendo: RS-line bajo su SMA50 durante 5 sesiones seguidas', 'Fuerza relativa rompiendo: RS-line bajo su SMA50 durante 5 sesiones seguidas']",['No extendida (-6% sobre SMA50)'],"['Precio por debajo de SMA150 o SMA200', 'Fuerza relativa insuficiente (RS 43)', 'Sin breakout reciente sobre resistencia']",['Margen bruto en expansión los últimos 4 trimestres'],-0.0637849851680689,50.290000915527344,41.113433837890625
AFL,Financial Services,XLF,SALIDA,113.4000015258789,75.7751937984496,20.0,11.11111111111111,0,54.087855297157624,52.81553398058253,False,True,False,False,True,"['Fuerza relativa rompiendo: RS-line bajo su SMA50 durante 5 sesiones seguidas', 'Fuerza relativa rompiendo: RS-line bajo su SMA50 durante 5 sesiones seguidas']",['No extendida (2% sobre SMA50)'],"['Fuerza relativa insuficiente (RS 53)', 'Sin breakout reciente sobre resistencia']",['Revisiones de analistas al alza'],0.01729766133821032,116.84916687011719,96.53852081298828
IEX,Industrials,XLI,SALIDA,218.19000244140625,75.5813953488372,-20.0,38.88888888888889,0,53.95478036175711,72.42718446601941,True,True,False,False,True,['Fuerza relativa rompiendo: RS-line bajo su SMA50 durante 5 sesiones seguidas'],"['Patrón de tendencia alcista (Stage 2)', 'No extendida (9% sobre SMA50)']","['Fuerza relativa insuficiente (RS 72)', 'Sin breakout reciente sobre resistencia']",['Margen bruto en contracción'],0.09083329391011213,218.19000244140625,156.28538513183594
KHC,Consumer Defensive,XLP,SALIDA,23.06999969482422,80.62015503875969,0.0,16.666666666666664,0,53.91472868217054,25.04854368932039,False,True,False,True,True,"['Fuerza relativa rompiendo: RS-line bajo su SMA50 durante 5 sesiones seguidas', 'Fuerza relativa rompiendo: RS-line bajo su SMA50 durante 5 sesiones seguidas']",['No extendida (2% sobre SMA50)'],"['Precio por debajo de SMA150 o SMA200', 'Medias móviles no alineadas alcistas', 'SMA200 sin pendiente alcista', 'Fuerza relativa insuficiente (RS 25)', 'Sin breakout reciente sobre resistencia']","['Beat consistente últimos 2 trimestres', 'Margen bruto en contracción']",0.016517693538948178,27.612060546875,21.209999084472656
CCL,Consumer Cyclical,XLY,SALIDA,27.520000457763672,77.13178294573643,0.0,22.22222222222222,0,53.908268733850136,38.44660194174757,False,True,False,True,True,"['Fuerza relativa rompiendo: RS-line bajo su SMA50 durante 5 sesiones seguidas', 'Fuerza relativa rompiendo: RS-line bajo su SMA50 durante 5 sesiones seguidas']",['No extendida (3% sobre SMA50)'],"['Precio por debajo de SMA150 o SMA200', 'Medias móviles no alineadas alcistas', 'SMA200 sin pendiente alcista', 'Fuerza relativa insuficiente (RS 38)', 'Sin breakout reciente sobre resistencia']","['Beat consistente últimos 2 trimestres', 'Margen bruto en contracción']",0.029169800215545008,33.8336067199707,19.44013786315918
VLO,Energy,XLE,SALIDA,236.69000244140625,38.565891472868216,40.0,55.55555555555556,0,53.815245478036175,91.45631067961165,True,True,False,False,True,['Fuerza relativa rompiendo: RS-line bajo su SMA50 durante 5 sesiones seguidas'],"['Patrón de tendencia alcista (Stage 2)', 'No extendida (1% sobre SMA50)', 'Fuerza relativa alta (RS 91/100)']",['Sin breakout reciente sobre resistencia'],"['Beat consistente últimos 2 trimestres', 'Margen bruto en expansión los últimos 4 trimestres']",0.0062700059750515685,254.32000732421875,113.61034393310547
EW,Healthcare,XLV,SALIDA,83.19999694824219,87.20930232558139,0.0,5.555555555555555,0,53.77260981912144,49.320388349514566,False,True,False,False,True,"['Fuerza relativa rompiendo: RS-line bajo su SMA50 durante 5 sesiones seguidas', 'Fuerza relativa rompiendo: RS-line bajo su SMA50 durante 5 sesiones seguidas']",['No extendida (1% sobre SMA50)'],"['Fuerza relativa insuficiente (RS 49)', 'Sin breakout reciente sobre resistencia']",[],0.011823215026956222,87.18000030517578,72.6500015258789
ICE,Financial Services,XLF,SALIDA,153.39999389648438,66.08527131782945,40.0,11.11111111111111,0,53.71188630490956,24.854368932038835,False,True,False,False,True,"['Stop ATR roto: cierre 153.40 < trailing stop 156.54', 'Fuerza relativa rompiendo: RS-line bajo su SMA50 durante 5 sesiones seguidas', 'Fuerza relativa rompiendo: RS-line bajo su SMA50 durante 5 sesiones seguidas']",['No extendida (-4% sobre SMA50)'],"['Precio por debajo de SMA150 o SMA200', 'Medias móviles no alineadas alcistas', 'SMA200 sin pendiente alcista', 'Fuerza relativa insuficiente (RS 25)', 'Sin breakout reciente sobre resistencia']","['Revisiones de analistas al alza', 'Margen bruto en expansión los últimos 4 trimestres']",-0.04099137975507431,186.76258850097656,144.68960571289062
AMCR,Consumer Cyclical,XLY,SALIDA,40.209999084472656,67.82945736434108,20.0,22.22222222222222,0,53.68733850129199,19.611650485436893,False,True,False,False,True,"['Cierre por debajo de SMA50 (40.21 < 41.03) con volumen 1.3x', 'Fuerza relativa rompiendo: RS-line bajo su SMA50 durante 5 sesiones seguidas', 'Fuerza relativa rompiendo: RS-line bajo su SMA50 durante 5 sesiones seguidas']",['No extendida (-2% sobre SMA50)'],"['Precio por debajo de SMA150 o SMA200', 'Medias móviles no alineadas alcistas', 'SMA200 sin pendiente alcista', 'Fuerza relativa insuficiente (RS 20)', 'Sin breakout reciente sobre resistencia']",['Revisiones de analistas al alza'],-0.020004499897655133,49.92481994628906,36.90999984741211
KVUE,Consumer Defensive,XLP,SALIDA,17.68000030517578,80.03875968992247,0.0,16.666666666666664,0,53.68217054263565,27.96116504854369,False,True,False,False,True,"['Fuerza relativa rompiendo: RS-line bajo su SMA50 durante 5 sesiones seguidas', 'Fuerza relativa rompiendo: RS-line bajo su SMA50 durante 5 sesiones seguidas']",['No extendida (0% sobre SMA50)'],"['Medias móviles no alineadas alcistas', 'SMA200 sin pendiente alcista', 'Fuerza relativa insuficiente (RS 28)', 'Sin breakout reciente sobre resistencia']","['Beat consistente últimos 2 trimestres', 'Margen bruto en contracción']",0.0023585142845797425,23.430505752563477,13.776260375976562
TXN,Technology,XLK,SALIDA,289.44000244140625,33.91472868217054,0.0,88.88888888888889,0,53.28811369509044,92.62135922330097,True,False,True,True,True,"['Posible blow-off: extensión 33% sobre SMA50, RSI 80 + divergencia bajista']","['Patrón de tendencia alcista (Stage 2)', 'Fuerza relativa alta (RS 93/100)', 'Línea de fuerza relativa en máximos', 'Breakout sobre pivot con volumen 1.4× lo normal']",['Demasiado extendida (33% sobre SMA50)'],[],0.3303798593823149,289.44000244140625,151.5655517578125
UNP,Industrials,XLI,SALIDA,268.2300109863281,73.83720930232558,-20.0,38.88888888888889,0,53.25710594315245,71.26213592233009,False,True,False,False,True,['Fuerza relativa rompiendo: RS-line bajo su SMA50 durante 5 sesiones seguidas'],['No extendida (6% sobre SMA50)'],"['Fuerza relativa insuficiente (RS 71)', 'Sin breakout reciente sobre resistencia']",['Margen bruto en contracción'],0.06219978612073603,271.260009765625,208.2875518798828
ALGN,Healthcare,XLV,SALIDA,173.94000244140625,85.85271317829456,0.0,5.555555555555555,0,53.229974160206716,64.66019417475728,False,True,False,False,True,"['Stop ATR roto: cierre 173.94 < trailing stop 178.29', 'Fuerza relativa rompiendo: RS-line bajo su SMA50 durante 5 sesiones seguidas', 'Fuerza relativa rompiendo: RS-line bajo su SMA50 durante 5 sesiones seguidas']",['No extendida (-2% sobre SMA50)'],"['SMA200 sin pendiente alcista', 'Fuerza relativa insuficiente (RS 65)', 'Sin breakout reciente sobre resistencia']","['Beat consistente últimos 2 trimestres', 'Margen bruto en contracción']",-0.02467852358832756,207.19000244140625,124.87999725341797
DLTR,Consumer Defensive,XLP,SALIDA,96.51000213623047,69.76744186046511,20.0,16.666666666666664,0,53.07364341085271,21.553398058252426,False,True,False,False,True,"['Stop ATR roto: cierre 96.51 < trailing stop 97.79', 'Fuerza relativa rompiendo: RS-line bajo su SMA50 durante 5 sesiones seguidas', 'Fuerza relativa rompiendo: RS-line bajo su SMA50 durante 5 sesiones seguidas']",['No extendida (-10% sobre SMA50)'],"['Precio por debajo de SMA150 o SMA200', 'Medias móviles no alineadas alcistas', 'SMA200 sin pendiente alcista', 'Lejos del máximo de 52 semanas', 'Fuerza relativa insuficiente (RS 22)', 'Sin breakout reciente sobre resistencia']",['Margen bruto en expansión los últimos 4 trimestres'],-0.10111373547317759,141.2100067138672,83.79000091552734
ITW,Industrials,XLI,SALIDA,260.5199890136719,64.53488372093024,0.0,38.88888888888889,0,53.036175710594314,38.640776699029125,False,True,False,False,True,"['Fuerza relativa rompiendo: RS-line bajo su SMA50 durante 5 sesiones seguidas', 'Fuerza relativa rompiendo: RS-line bajo su SMA50 durante 5 sesiones seguidas']",['No extendida (-3% sobre SMA50)'],"['Fuerza relativa insuficiente (RS 39)', 'Sin breakout reciente sobre resistencia']",[],-0.027180296610309032,297.7171936035156,233.95050048828125
BF-B,Consumer Defensive,XLP,SALIDA,26.979999542236328,69.57364341085271,20.0,16.666666666666664,0,52.996124031007746,23.495145631067963,False,True,False,False,True,"['Stop ATR roto: cierre 26.98 < trailing stop 27.54', 'Fuerza relativa rompiendo: RS-line bajo su SMA50 durante 5 sesiones seguidas', 'Fuerza relativa rompiendo: RS-line bajo su SMA50 durante 5 sesiones seguidas']",['No extendida (2% sobre SMA50)'],"['Precio por debajo de SMA150 o SMA200', 'Medias móviles no alineadas alcistas', 'Fuerza relativa insuficiente (RS 23)', 'Sin breakout reciente sobre resistencia']",['Margen bruto en expansión los últimos 4 trimestres'],0.02027110833884523,34.92112731933594,22.799999237060547
HD,Consumer Cyclical,XLY,SALIDA,323.04998779296875,83.52713178294574,-20.0,22.22222222222222,0,52.96640826873386,17.0873786407767,False,True,False,False,True,"['Cierre por debajo de SMA50 (323.05 < 338.97) con volumen 1.3x', 'Stop ATR roto: cierre 323.05 < trailing stop 327.42', 'Fuerza relativa rompiendo: RS-line bajo su SMA50 durante 5 sesiones seguidas', 'Fuerza relativa rompiendo: RS-line bajo su SMA50 durante 5 sesiones seguidas']",['No extendida (-5% sobre SMA50)'],"['Precio por debajo de SMA150 o SMA200', 'Medias móviles no alineadas alcistas', 'SMA200 sin pendiente alcista', 'Fuerza relativa insuficiente (RS 17)', 'Sin breakout reciente sobre resistencia']",['Margen bruto en contracción'],-0.04696845943266082,417.90509033203125,312.4200134277344
ODFL,Industrials,XLI,SALIDA,200.6199951171875,73.06201550387597,-20.0,38.88888888888889,0,52.947028423772615,75.14563106796116,True,True,False,False,True,"['Stop ATR roto: cierre 200.62 < trailing stop 209.14', 'Fuerza relativa rompiendo: RS-line bajo su SMA50 durante 5 sesiones seguidas', 'Fuerza relativa rompiendo: RS-line bajo su SMA50 durante 5 sesiones seguidas']","['Patrón de tendencia alcista (Stage 2)', 'No extendida (-0% sobre SMA50)']","['Fuerza relativa insuficiente (RS 75)', 'Sin breakout reciente sobre resistencia']",['Margen bruto en contracción'],-0.0022046110924011826,224.4199981689453,125.86425018310547
STZ,Consumer Defensive,XLP,SALIDA,152.2899932861328,78.10077519379846,0.0,16.666666666666664,0,52.906976744186046,28.932038834951456,False,True,False,False,True,"['Stop ATR roto: cierre 152.29 < trailing stop 153.34', 'Fuerza relativa rompiendo: RS-line bajo su SMA50 durante 5 sesiones seguidas', 'Fuerza relativa rompiendo: RS-line bajo su SMA50 durante 5 sesiones seguidas']",['No extendida (-1% sobre SMA50)'],"['Medias móviles no alineadas alcistas', 'SMA200 sin pendiente alcista', 'Fuerza relativa insuficiente (RS 29)', 'Sin breakout reciente sobre resistencia']","['Revisiones de analistas a la baja', 'Beat consistente últimos 2 trimestres']",-0.006514559993945223,190.45201110839844,125.98392486572266
HWM,Industrials,XLI,SALIDA,256.42999267578125,55.42635658914728,20.0,38.88888888888889,0,52.89276485788114,86.79611650485437,False,True,False,True,True,"['Fuerza relativa rompiendo: RS-line bajo su SMA50 durante 5 sesiones seguidas', 'Fuerza relativa rompiendo: RS-line bajo su SMA50 durante 5 sesiones seguidas']","['No extendida (4% sobre SMA50)', 'Fuerza relativa alta (RS 87/100)']",['Sin breakout reciente sobre resistencia'],['Margen bruto en expansión los últimos 4 trimestres'],0.04488142644773707,265.1099853515625,155.4184112548828
VEEV,Healthcare,XLV,SALIDA,167.35000610351562,93.4108527131783,-20.0,5.555555555555555,0,52.753229974160206,5.631067961165048,False,True,False,True,True,"['Cierre por debajo de SMA50 (167.35 < 174.24) con volumen 11.7x', 'Fuerza relativa rompiendo: RS-line bajo su SMA50 durante 5 sesiones seguidas', 'Fuerza relativa rompiendo: RS-line bajo su SMA50 durante 5 sesiones seguidas']",['No extendida (-4% sobre SMA50)'],"['Precio por debajo de SMA150 o SMA200', 'Medias móviles no alineadas alcistas', 'SMA200 sin pendiente alcista', 'Lejos del máximo de 52 semanas', 'Fuerza relativa insuficiente (RS 6)', 'Sin breakout reciente sobre resistencia']",['Margen bruto en contracción'],-0.03953981827900173,306.2200012207031,151.42999267578125
CHTR,Communication Services,XLC,SALIDA,156.52000427246094,70.73643410852713,0.0,27.77777777777778,0,52.7390180878553,1.5533980582524272,False,True,False,False,True,"['Cierre por debajo de SMA50 (156.52 < 213.98) con volumen 1.2x', 'Stop ATR roto: cierre 156.52 < trailing stop 217.71', 'Fuerza relativa rompiendo: RS-line bajo su SMA50 durante 5 sesiones seguidas', 'Fuerza relativa rompiendo: RS-line bajo su SMA50 durante 5 sesiones seguidas']",['No extendida (-27% sobre SMA50)'],"['Precio por debajo de SMA150 o SMA200', 'Medias móviles no alineadas alcistas', 'SMA200 sin pendiente alcista', 'Lejos del máximo de 52 semanas', 'Fuerza relativa insuficiente (RS 2)', 'Sin breakout reciente sobre resistencia']",[],-0.2685297523003088,427.25,156.52000427246094
PFE,Healthcare,XLV,SALIDA,26.530000686645508,83.91472868217055,0.0,5.555555555555555,0,52.45478036175711,54.757281553398066,False,True,False,False,True,"['Fuerza relativa rompiendo: RS-line bajo su SMA50 durante 5 sesiones seguidas', 'Fuerza relativa rompiendo: RS-line bajo su SMA50 durante 5 sesiones seguidas']",['No extendida (-2% sobre SMA50)'],"['Fuerza relativa insuficiente (RS 55)', 'Sin breakout reciente sobre resistencia']",[],-0.020939253573689802,28.549999237060547,20.92146110534668
LIN,Basic Materials,XLB,SALIDA,501.8699951171875,75.1937984496124,-20.0,33.33333333333333,0,52.410852713178286,60.970873786407765,False,True,False,False,True,"['Fuerza relativa rompiendo: RS-line bajo su SMA50 durante 5 sesiones seguidas', 'Fuerza relativa rompiendo: RS-line bajo su SMA50 durante 5 sesiones seguidas']",['No extendida (1% sobre SMA50)'],"['Medias móviles no alineadas alcistas', 'Fuerza relativa insuficiente (RS 61)', 'Sin breakout reciente sobre resistencia']",['Margen bruto en contracción'],0.010516085284233603,510.75,388.07647705078125
HRL,Consumer Defensive,XLP,SALIDA,20.700000762939453,76.74418604651163,0.0,16.666666666666664,0,52.36434108527131,13.980582524271846,False,True,False,False,True,"['Cierre por debajo de SMA50 (20.70 < 22.14) con volumen 1.2x', 'Fuerza relativa rompiendo: RS-line bajo su SMA50 durante 5 sesiones seguidas', 'Fuerza relativa rompiendo: RS-line bajo su SMA50 durante 5 sesiones seguidas']",['No extendida (-7% sobre SMA50)'],"['Precio por debajo de SMA150 o SMA200', 'Medias móviles no alineadas alcistas', 'SMA200 sin pendiente alcista', 'Lejos del máximo de 52 semanas', 'Fuerza relativa insuficiente (RS 14)', 'Sin breakout reciente sobre resistencia']","['Beat consistente últimos 2 trimestres', 'Margen bruto en contracción']",-0.06511445811858506,30.038604736328125,20.479999542236328
VZ,Communication Services,XLC,SALIDA,47.439998626708984,77.90697674418605,-20.0,27.77777777777778,0,52.10723514211887,64.07766990291263,False,True,False,False,True,"['Fuerza relativa rompiendo: RS-line bajo su SMA50 durante 5 sesiones seguidas', 'Fuerza relativa rompiendo: RS-line bajo su SMA50 durante 5 sesiones seguidas']",['No extendida (-2% sobre SMA50)'],"['Fuerza relativa insuficiente (RS 64)', 'Sin breakout reciente sobre resistencia']",['Margen bruto en contracción'],-0.018541373154084863,50.618656158447266,37.185829162597656
FDS,Financial Services,XLF,SALIDA,211.7899932861328,79.26356589147287,0.0,11.11111111111111,0,51.98320413436692,6.990291262135923,False,True,False,False,True,"['Stop ATR roto: cierre 211.79 < trailing stop 219.73', 'Fuerza relativa rompiendo: RS-line bajo su SMA50 durante 5 sesiones seguidas', 'Fuerza relativa rompiendo: RS-line bajo su SMA50 durante 5 sesiones seguidas']",['No extendida (-3% sobre SMA50)'],"['Precio por debajo de SMA150 o SMA200', 'Medias móviles no alineadas alcistas', 'SMA200 sin pendiente alcista', 'Lejos del máximo de 52 semanas', 'Fuerza relativa insuficiente (RS 7)', 'Sin breakout reciente sobre resistencia']",[],-0.03153110907802986,466.5450744628906,189.08428955078125
XYL,Industrials,XLI,SALIDA,118.58999633789062,70.34883720930233,-20.0,38.88888888888889,0,51.861757105943155,17.475728155339805,False,True,False,False,True,"['Stop ATR roto: cierre 118.59 < trailing stop 120.49', 'Fuerza relativa rompiendo: RS-line bajo su SMA50 durante 5 sesiones seguidas', 'Fuerza relativa rompiendo: RS-line bajo su SMA50 durante 5 sesiones seguidas']",['No extendida (-3% sobre SMA50)'],"['Precio por debajo de SMA150 o SMA200', 'Medias móviles no alineadas alcistas', 'SMA200 sin pendiente alcista', 'Fuerza relativa insuficiente (RS 17)', 'Sin breakout reciente sobre resistencia']",['Margen bruto en contracción'],-0.03185042793593964,152.0032958984375,114.83999633789062
PEP,Consumer Defensive,XLP,SALIDA,155.9600067138672,75.0,0.0,16.666666666666664,0,51.666666666666664,54.1747572815534,False,True,False,False,True,"['Fuerza relativa rompiendo: RS-line bajo su SMA50 durante 5 sesiones seguidas', 'Fuerza relativa rompiendo: RS-line bajo su SMA50 durante 5 sesiones seguidas']",['No extendida (-1% sobre SMA50)'],"['Fuerza relativa insuficiente (RS 54)', 'Sin breakout reciente sobre resistencia']",[],-0.006726522030156654,168.98031616210938,123.50286102294922
ATO,Utilities,XLU,SALIDA,184.75999450683594,45.15503875968992,20.0,50.0,0,51.56201550387597,63.883495145631066,False,True,False,False,True,"['Fuerza relativa rompiendo: RS-line bajo su SMA50 durante 5 sesiones seguidas', 'Fuerza relativa rompiendo: RS-line bajo su SMA50 durante 5 sesiones seguidas']",['No extendida (-1% sobre SMA50)'],"['Fuerza relativa insuficiente (RS 64)', 'Sin breakout reciente sobre resistencia']",['Margen bruto en expansión los últimos 4 trimestres'],-0.006498975351923325,192.2899932861328,148.93724060058594
HOOD,Financial Services,XLF,SALIDA,79.05000305175781,86.62790697674419,-20.0,11.11111111111111,0,51.428940568475454,32.81553398058252,False,True,False,False,True,"['Fuerza relativa rompiendo: RS-line bajo su SMA50 durante 5 sesiones seguidas', 'Fuerza relativa rompiendo: RS-line bajo su SMA50 durante 5 sesiones seguidas']",['No extendida (3% sobre SMA50)'],"['Precio por debajo de SMA150 o SMA200', 'Medias móviles no alineadas alcistas', 'SMA200 sin pendiente alcista', 'Lejos del máximo de 52 semanas', 'Fuerza relativa insuficiente (RS 33)', 'Sin breakout reciente sobre resistencia']",['Margen bruto en contracción'],0.032735332707956095,152.4600067138672,48.689998626708984
ECL,Basic Materials,XLB,SALIDA,263.4200134277344,63.95348837209303,0.0,33.33333333333333,0,51.41472868217055,33.398058252427184,False,True,False,False,True,"['Fuerza relativa rompiendo: RS-line bajo su SMA50 durante 5 sesiones seguidas', 'Fuerza relativa rompiendo: RS-line bajo su SMA50 durante 5 sesiones seguidas']",['No extendida (-3% sobre SMA50)'],"['Precio por debajo de SMA150 o SMA200', 'Fuerza relativa insuficiente (RS 33)', 'Sin breakout reciente sobre resistencia']",[],-0.033765181091492125,307.52581787109375,247.5801544189453
HAL,Energy,XLE,SALIDA,40.400001525878906,41.27906976744186,20.0,55.55555555555556,0,51.40051679586563,92.81553398058252,True,True,False,False,True,['Fuerza relativa rompiendo: RS-line bajo su SMA50 durante 5 sesiones seguidas'],"['Patrón de tendencia alcista (Stage 2)', 'No extendida (7% sobre SMA50)', 'Fuerza relativa alta (RS 93/100)']",['Sin breakout reciente sobre resistencia'],['Beat consistente últimos 2 trimestres'],0.0715380388477156,42.29999923706055,18.84339141845703
NUE,Basic Materials,XLB,SALIDA,234.22000122070312,45.93023255813954,40.0,33.33333333333333,0,51.20542635658914,91.6504854368932,True,False,True,False,True,['Fuerza relativa rompiendo: RS-line bajo su SMA50 durante 5 sesiones seguidas'],"['Patrón de tendencia alcista (Stage 2)', 'Fuerza relativa alta (RS 92/100)', 'Línea de fuerza relativa en máximos']","['Demasiado extendida (27% sobre SMA50)', 'Breakout sin confirmación de volumen']","['Revisiones de analistas al alza', 'Margen bruto en expansión los últimos 4 trimestres']",0.26682485342693835,234.22000122070312,106.86922454833984
AVB,Real Estate,XLRE,SALIDA,186.44000244140625,63.372093023255815,-40.0,61.111111111111114,0,51.12661498708011,44.85436893203884,False,True,True,False,True,['Fuerza relativa rompiendo: RS-line bajo su SMA50 durante 5 sesiones seguidas'],['No extendida (9% sobre SMA50)'],"['Medias móviles no alineadas alcistas', 'SMA200 sin pendiente alcista', 'Fuerza relativa insuficiente (RS 45)', 'Breakout sin confirmación de volumen']","['Miss consistente últimos 2 trimestres', 'Margen bruto en contracción']",0.0874707022489412,200.9901123046875,159.03826904296875
AWK,Utilities,XLU,SALIDA,125.68000030517578,61.434108527131784,-20.0,50.0,0,51.07364341085271,30.679611650485437,False,True,False,False,True,"['Stop ATR roto: cierre 125.68 < trailing stop 129.20', 'Fuerza relativa rompiendo: RS-line bajo su SMA50 durante 5 sesiones seguidas', 'Fuerza relativa rompiendo: RS-line bajo su SMA50 durante 5 sesiones seguidas']",['No extendida (-7% sobre SMA50)'],"['Precio por debajo de SMA150 o SMA200', 'Medias móviles no alineadas alcistas', 'SMA200 sin pendiente alcista', 'Fuerza relativa insuficiente (RS 31)', 'Sin breakout reciente sobre resistencia']",['Margen bruto en contracción'],-0.06538580828722235,145.53756713867188,122.12200164794922
TKO,Communication Services,XLC,SALIDA,190.47000122070312,57.751937984496124,20.0,27.77777777777778,0,51.0452196382429,47.96116504854369,False,True,False,True,True,"['Cierre por debajo de SMA50 (190.47 < 196.64) con volumen 1.6x', 'Fuerza relativa rompiendo: RS-line bajo su SMA50 durante 5 sesiones seguidas', 'Fuerza relativa rompiendo: RS-line bajo su SMA50 durante 5 sesiones seguidas']",['No extendida (-3% sobre SMA50)'],"['Precio por debajo de SMA150 o SMA200', 'Medias móviles no alineadas alcistas', 'Fuerza relativa insuficiente (RS 48)', 'Sin breakout reciente sobre resistencia']",['Margen bruto en expansión los últimos 4 trimestres'],-0.03139919095621125,224.0581817626953,153.82647705078125
GEV,Industrials,XLI,SALIDA,1118.9599609375,59.496124031007746,0.0,38.88888888888889,0,51.020671834625325,95.53398058252426,True,True,False,False,True,['Fuerza relativa rompiendo: RS-line bajo su SMA50 durante 5 sesiones seguidas'],"['Patrón de tendencia alcista (Stage 2)', 'No extendida (19% sobre SMA50)', 'Fuerza relativa alta (RS 96/100)']",['Sin breakout reciente sobre resistencia'],"['Beat consistente últimos 2 trimestres', 'Margen bruto en contracción']",0.19319117462671473,1149.530029296875,393.1370849609375
MMM,Industrials,XLI,SALIDA,146.5399932861328,68.21705426356588,-20.0,38.88888888888889,0,51.00904392764858,28.7378640776699,False,True,False,False,True,"['Cierre por debajo de SMA50 (146.54 < 149.52) con volumen 1.2x', 'Stop ATR roto: cierre 146.54 < trailing stop 146.55', 'Fuerza relativa rompiendo: RS-line bajo su SMA50 durante 5 sesiones seguidas', 'Fuerza relativa rompiendo: RS-line bajo su SMA50 durante 5 sesiones seguidas']",['No extendida (-2% sobre SMA50)'],"['Precio por debajo de SMA150 o SMA200', 'Medias móviles no alineadas alcistas', 'SMA200 sin pendiente alcista', 'Fuerza relativa insuficiente (RS 29)', 'Sin breakout reciente sobre resistencia']",['Margen bruto en contracción'],-0.019927872515734586,173.8300018310547,135.52256774902344
ALLE,Industrials,XLI,SALIDA,135.3300018310547,68.02325581395348,-20.0,38.88888888888889,0,50.93152454780361,14.563106796116504,False,True,False,False,True,"['Cierre por debajo de SMA50 (135.33 < 145.40) con volumen 1.3x', 'Stop ATR roto: cierre 135.33 < trailing stop 137.22', 'Fuerza relativa rompiendo: RS-line bajo su SMA50 durante 5 sesiones seguidas', 'Fuerza relativa rompiendo: RS-line bajo su SMA50 durante 5 sesiones seguidas']",['No extendida (-7% sobre SMA50)'],"['Precio por debajo de SMA150 o SMA200', 'Medias móviles no alineadas alcistas', 'SMA200 sin pendiente alcista', 'Fuerza relativa insuficiente (RS 15)', 'Sin breakout reciente sobre resistencia']",['Margen bruto en contracción'],-0.06923324651075718,179.0920867919922,132.2899932861328
PEG,Utilities,XLU,SALIDA,79.3499984741211,61.04651162790697,-20.0,50.0,0,50.918604651162795,34.95145631067961,False,True,False,False,True,"['Cierre por debajo de SMA50 (79.35 < 81.84) con volumen 1.2x', 'Stop ATR roto: cierre 79.35 < trailing stop 79.41', 'Fuerza relativa rompiendo: RS-line bajo su SMA50 durante 5 sesiones seguidas', 'Fuerza relativa rompiendo: RS-line bajo su SMA50 durante 5 sesiones seguidas']",['No extendida (-3% sobre SMA50)'],"['Precio por debajo de SMA150 o SMA200', 'Medias móviles no alineadas alcistas', 'SMA200 sin pendiente alcista', 'Fuerza relativa insuficiente (RS 35)', 'Sin breakout reciente sobre resistencia']",['Margen bruto en contracción'],-0.03037984955580291,88.01427459716797,74.87449645996094
HUM,Healthcare,XLV,SALIDA,246.3300018310547,71.31782945736434,20.0,5.555555555555555,0,50.91602067183462,55.533980582524265,False,False,True,False,True,['Fuerza relativa rompiendo: RS-line bajo su SMA50 durante 5 sesiones seguidas'],[],"['Medias móviles no alineadas alcistas', 'SMA200 sin pendiente alcista', 'Fuerza relativa insuficiente (RS 56)', 'Breakout sin confirmación de volumen']",['Revisiones de analistas al alza'],0.2786332307456567,308.28765869140625,162.84295654296875
GWW,Industrials,XLI,SALIDA,1169.8599853515625,58.91472868217055,0.0,38.88888888888889,0,50.78811369509044,60.19417475728155,False,True,False,True,True,"['Fuerza relativa rompiendo: RS-line bajo su SMA50 durante 5 sesiones seguidas', 'Fuerza relativa rompiendo: RS-line bajo su SMA50 durante 5 sesiones seguidas']",['No extendida (4% sobre SMA50)'],"['Fuerza relativa insuficiente (RS 60)', 'Sin breakout reciente sobre resistencia']",[],0.044354292634264936,1202.469970703125,916.4473876953125
RSG,Industrials,XLI,SALIDA,199.69000244140625,50.0,20.0,38.88888888888889,0,50.72222222222222,20.0,False,True,False,True,True,"['Cierre por debajo de SMA50 (199.69 < 217.11) con volumen 1.6x', 'Stop ATR roto: cierre 199.69 < trailing stop 211.21', 'Fuerza relativa rompiendo: RS-line bajo su SMA50 durante 5 sesiones seguidas', 'Fuerza relativa rompiendo: RS-line bajo su SMA50 durante 5 sesiones seguidas']",['No extendida (-8% sobre SMA50)'],"['Precio por debajo de SMA150 o SMA200', 'Medias móviles no alineadas alcistas', 'SMA200 sin pendiente alcista', 'Fuerza relativa insuficiente (RS 20)', 'Sin breakout reciente sobre resistencia']",['Beat consistente últimos 2 trimestres'],-0.08025354495121183,255.2679901123047,199.69000244140625
TMUS,Communication Services,XLC,SALIDA,193.16000366210938,74.2248062015504,-20.0,27.77777777777778,0,50.6343669250646,20.388349514563107,False,True,False,False,True,"['Fuerza relativa rompiendo: RS-line bajo su SMA50 durante 5 sesiones seguidas', 'Fuerza relativa rompiendo: RS-line bajo su SMA50 durante 5 sesiones seguidas']",['No extendida (-6% sobre SMA50)'],"['Precio por debajo de SMA150 o SMA200', 'Medias móviles no alineadas alcistas', 'SMA200 sin pendiente alcista', 'Fuerza relativa insuficiente (RS 20)', 'Sin breakout reciente sobre resistencia']",['Margen bruto en contracción'],-0.055277090577024075,255.5989227294922,182.72142028808594
DOV,Industrials,XLI,SALIDA,227.17999267578125,67.24806201550388,-20.0,38.88888888888889,0,50.62144702842377,73.39805825242719,False,True,False,False,True,"['Fuerza relativa rompiendo: RS-line bajo su SMA50 durante 5 sesiones seguidas', 'Fuerza relativa rompiendo: RS-line bajo su SMA50 durante 5 sesiones seguidas']",['No extendida (5% sobre SMA50)'],"['Fuerza relativa insuficiente (RS 73)', 'Sin breakout reciente sobre resistencia']",['Margen bruto en contracción'],0.05088826305186553,232.77586364746094,160.3419952392578
DD,Basic Materials,XLB,SALIDA,50.06999969482422,44.37984496124031,40.0,33.33333333333333,0,50.58527131782945,88.54368932038835,False,True,True,True,True,['Fuerza relativa rompiendo: RS-line bajo su SMA50 durante 5 sesiones seguidas'],"['No extendida (8% sobre SMA50)', 'Fuerza relativa alta (RS 89/100)', 'Breakout sobre pivot con volumen 1.6× lo normal']",[],"['Beat consistente últimos 2 trimestres', 'Margen bruto en expansión los últimos 4 trimestres']",0.07961323318901446,51.32404327392578,26.468517303466797
BR,Technology,XLK,SALIDA,152.8300018310547,35.85271317829458,-20.0,88.88888888888889,0,50.56330749354005,5.242718446601942,False,True,False,False,True,['Fuerza relativa rompiendo: RS-line bajo su SMA50 durante 5 sesiones seguidas'],['No extendida (-9% sobre SMA50)'],"['Precio por debajo de SMA150 o SMA200', 'Medias móviles no alineadas alcistas', 'SMA200 sin pendiente alcista', 'Lejos del máximo de 52 semanas', 'Fuerza relativa insuficiente (RS 5)', 'Sin breakout reciente sobre resistencia']",['Margen bruto en contracción'],-0.08723603540395244,263.282470703125,151.1199951171875
FAST,Industrials,XLI,SALIDA,44.709999084472656,66.86046511627907,-20.0,38.88888888888889,0,50.46640826873385,39.6116504854369,False,True,False,True,True,"['Cierre por debajo de SMA50 (44.71 < 45.40) con volumen 1.4x', 'Stop ATR roto: cierre 44.71 < trailing stop 45.90', 'Fuerza relativa rompiendo: RS-line bajo su SMA50 durante 5 sesiones seguidas', 'Fuerza relativa rompiendo: RS-line bajo su SMA50 durante 5 sesiones seguidas']",['No extendida (-2% sobre SMA50)'],"['Medias móviles no alineadas alcistas', 'Fuerza relativa insuficiente (RS 40)', 'Sin breakout reciente sobre resistencia']",['Margen bruto en contracción'],-0.015261878222985149,49.58934783935547,38.44477844238281
BKR,Energy,XLE,SALIDA,66.66999816894531,47.674418604651166,0.0,55.55555555555556,0,50.45865633074935,87.96116504854369,True,True,False,False,True,['Fuerza relativa rompiendo: RS-line bajo su SMA50 durante 5 sesiones seguidas'],"['Patrón de tendencia alcista (Stage 2)', 'No extendida (7% sobre SMA50)', 'Fuerza relativa alta (RS 88/100)']",['Sin breakout reciente sobre resistencia'],"['Beat consistente últimos 2 trimestres', 'Margen bruto en contracción']",0.07269004205978015,69.43779754638672,35.63488006591797
INTC,Technology,XLK,SALIDA,113.01000213623047,9.108527131782946,40.0,88.88888888888889,0,50.3656330749354,98.83495145631068,True,False,True,False,True,"['Posible blow-off: extensión 91% sobre SMA50, RSI 86']","['Patrón de tendencia alcista (Stage 2)', 'Fuerza relativa alta (RS 99/100)', 'Línea de fuerza relativa en máximos']","['Demasiado extendida (91% sobre SMA50)', 'Breakout sin confirmación de volumen']","['Beat consistente últimos 2 trimestres', 'Margen bruto en expansión los últimos 4 trimestres']",0.9067046298827338,113.01000213623047,19.309999465942383
CRH,Basic Materials,XLB,SALIDA,114.91000366210938,69.96124031007753,-20.0,33.33333333333333,0,50.31782945736434,47.57281553398058,False,True,False,False,True,['Fuerza relativa rompiendo: RS-line bajo su SMA50 durante 5 sesiones seguidas'],['No extendida (4% sobre SMA50)'],"['Precio por debajo de SMA150 o SMA200', 'Medias móviles no alineadas alcistas', 'Fuerza relativa insuficiente (RS 48)', 'Sin breakout reciente sobre resistencia']",['Margen bruto en contracción'],0.038332327930040086,130.91880798339844,87.84056091308594
ZTS,Healthcare,XLV,SALIDA,111.22000122070312,87.01550387596899,-20.0,5.555555555555555,0,50.195090439276484,12.233009708737864,False,True,False,True,True,"['Cierre por debajo de SMA50 (111.22 < 118.53) con volumen 1.4x', 'Stop ATR roto: cierre 111.22 < trailing stop 114.52', 'Fuerza relativa rompiendo: RS-line bajo su SMA50 durante 5 sesiones seguidas', 'Fuerza relativa rompiendo: RS-line bajo su SMA50 durante 5 sesiones seguidas']",['No extendida (-6% sobre SMA50)'],"['Precio por debajo de SMA150 o SMA200', 'Medias móviles no alineadas alcistas', 'SMA200 sin pendiente alcista', 'Lejos del máximo de 52 semanas', 'Fuerza relativa insuficiente (RS 12)', 'Sin breakout reciente sobre resistencia']",['Margen bruto en contracción'],-0.0616830876702749,167.69493103027344,111.22000122070312
WAB,Industrials,XLI,SALIDA,270.489990234375,48.25581395348838,20.0,38.88888888888889,0,50.02454780361757,81.94174757281554,True,True,False,False,True,"['Fuerza relativa rompiendo: RS-line bajo su SMA50 durante 5 sesiones seguidas', 'Fuerza relativa rompiendo: RS-line bajo su SMA50 durante 5 sesiones seguidas']","['Patrón de tendencia alcista (Stage 2)', 'No extendida (6% sobre SMA50)', 'Fuerza relativa alta (RS 82/100)']",['Sin breakout reciente sobre resistencia'],['Margen bruto en expansión los últimos 4 trimestres'],0.05904726015496774,270.94000244140625,185.20230102539062
BRO,Financial Services,XLF,SALIDA,56.560001373291016,56.58914728682171,40.0,11.11111111111111,0,49.91343669250646,2.524271844660194,False,True,False,False,True,"['Stop ATR roto: cierre 56.56 < trailing stop 63.45', 'Fuerza relativa rompiendo: RS-line bajo su SMA50 durante 5 sesiones seguidas', 'Fuerza relativa rompiendo: RS-line bajo su SMA50 durante 5 sesiones seguidas']",['No extendida (-15% sobre SMA50)'],"['Precio por debajo de SMA150 o SMA200', 'Medias móviles no alineadas alcistas', 'SMA200 sin pendiente alcista', 'Lejos del máximo de 52 semanas', 'Fuerza relativa insuficiente (RS 3)', 'Sin breakout reciente sobre resistencia']","['Revisiones de analistas al alza', 'Margen bruto en expansión los últimos 4 trimestres']",-0.1518586689127131,112.72492980957031,56.560001373291016
MRK,Healthcare,XLV,SALIDA,113.55999755859375,86.24031007751938,-20.0,5.555555555555555,0,49.88501291989664,78.64077669902912,False,True,False,False,True,"['Stop ATR roto: cierre 113.56 < trailing stop 114.61', 'Fuerza relativa rompiendo: RS-line bajo su SMA50 durante 5 sesiones seguidas', 'Fuerza relativa rompiendo: RS-line bajo su SMA50 durante 5 sesiones seguidas']",['No extendida (-3% sobre SMA50)'],"['Fuerza relativa insuficiente (RS 79)', 'Sin breakout reciente sobre resistencia']",['Margen bruto en contracción'],-0.02694179673674526,123.18000030517578,70.89463806152344
UHS,Healthcare,XLV,SALIDA,168.49000549316406,77.32558139534885,0.0,5.555555555555555,0,49.81912144702842,18.058252427184467,False,True,False,False,True,"['Cierre por debajo de SMA50 (168.49 < 184.97) con volumen 1.3x', 'Stop ATR roto: cierre 168.49 < trailing stop 170.80', 'Fuerza relativa rompiendo: RS-line bajo su SMA50 durante 5 sesiones seguidas', 'Fuerza relativa rompiendo: RS-line bajo su SMA50 durante 5 sesiones seguidas']",['No extendida (-9% sobre SMA50)'],"['Precio por debajo de SMA150 o SMA200', 'Medias móviles no alineadas alcistas', 'SMA200 sin pendiente alcista', 'Lejos del máximo de 52 semanas', 'Fuerza relativa insuficiente (RS 18)', 'Sin breakout reciente sobre resistencia']",[],-0.0891080886809327,243.74278259277344,154.502197265625
ABBV,Healthcare,XLV,SALIDA,205.02999877929688,76.93798449612403,0.0,5.555555555555555,0,49.6640826873385,38.05825242718446,False,True,False,False,True,"['Fuerza relativa rompiendo: RS-line bajo su SMA50 durante 5 sesiones seguidas', 'Fuerza relativa rompiendo: RS-line bajo su SMA50 durante 5 sesiones seguidas']",['No extendida (-3% sobre SMA50)'],"['Precio por debajo de SMA150 o SMA200', 'Medias móviles no alineadas alcistas', 'Fuerza relativa insuficiente (RS 38)', 'Sin breakout reciente sobre resistencia']",[],-0.0331159377623131,238.71388244628906,171.84170532226562
T,Communication Services,XLC,SALIDA,25.56999969482422,71.51162790697676,-20.0,27.77777777777778,0,49.549095607235145,32.62135922330097,False,True,False,False,True,"['Stop ATR roto: cierre 25.57 < trailing stop 26.22', 'Fuerza relativa rompiendo: RS-line bajo su SMA50 durante 5 sesiones seguidas', 'Fuerza relativa rompiendo: RS-line bajo su SMA50 durante 5 sesiones seguidas']",['No extendida (-6% sobre SMA50)'],"['Precio por debajo de SMA150 o SMA200', 'Medias móviles no alineadas alcistas', 'SMA200 sin pendiente alcista', 'Fuerza relativa insuficiente (RS 33)', 'Sin breakout reciente sobre resistencia']",['Margen bruto en contracción'],-0.05826604880823722,28.79859161376953,22.76177406311035
GOOG,Communication Services,XLC,SALIDA,395.1400146484375,36.240310077519375,60.0,27.77777777777778,0,49.440568475452196,93.20388349514563,True,True,True,False,True,['Fuerza relativa rompiendo: RS-line bajo su SMA50 durante 5 sesiones seguidas'],"['Patrón de tendencia alcista (Stage 2)', 'No extendida (24% sobre SMA50)', 'Fuerza relativa alta (RS 93/100)', 'Línea de fuerza relativa en máximos']",['Breakout sin confirmación de volumen'],"['Revisiones de analistas al alza', 'Beat consistente últimos 2 trimestres', 'Margen bruto en expansión los últimos 4 trimestres']",0.24017013716091615,395.1400146484375,152.27359008789062
ACN,Technology,XLK,SALIDA,174.57000732421875,32.945736434108525,-20.0,88.88888888888889,0,49.400516795865634,3.4951456310679614,False,True,False,False,True,"['Stop ATR roto: cierre 174.57 < trailing stop 180.03', 'Fuerza relativa rompiendo: RS-line bajo su SMA50 durante 5 sesiones seguidas']",['No extendida (-10% sobre SMA50)'],"['Precio por debajo de SMA150 o SMA200', 'Medias móviles no alineadas alcistas', 'SMA200 sin pendiente alcista', 'Lejos del máximo de 52 semanas', 'Fuerza relativa insuficiente (RS 3)', 'Sin breakout reciente sobre resistencia']",['Margen bruto en contracción'],-0.09734041712072103,318.8971862792969,174.57000732421875
NI,Utilities,XLU,SALIDA,47.5099983215332,39.72868217054263,20.0,50.0,0,49.39147286821705,65.4368932038835,False,True,False,True,True,"['Fuerza relativa rompiendo: RS-line bajo su SMA50 durante 5 sesiones seguidas', 'Fuerza relativa rompiendo: RS-line bajo su SMA50 durante 5 sesiones seguidas']",['No extendida (1% sobre SMA50)'],"['Fuerza relativa insuficiente (RS 65)', 'Sin breakout reciente sobre resistencia']",['Margen bruto en expansión los últimos 4 trimestres'],0.012971316240416475,48.279998779296875,36.835872650146484
CTSH,Technology,XLK,SALIDA,51.33000183105469,32.751937984496124,-20.0,88.88888888888889,0,49.32299741602067,4.271844660194175,False,True,False,False,True,"['Cierre por debajo de SMA50 (51.33 < 60.03) con volumen 1.2x', 'Stop ATR roto: cierre 51.33 < trailing stop 56.94', 'Fuerza relativa rompiendo: RS-line bajo su SMA50 durante 5 sesiones seguidas']",['No extendida (-14% sobre SMA50)'],"['Precio por debajo de SMA150 o SMA200', 'Medias móviles no alineadas alcistas', 'SMA200 sin pendiente alcista', 'Lejos del máximo de 52 semanas', 'Fuerza relativa insuficiente (RS 4)', 'Sin breakout reciente sobre resistencia']",['Margen bruto en contracción'],-0.14495599360484604,86.26104736328125,51.33000183105469
ULTA,Consumer Cyclical,XLY,SALIDA,535.0999755859375,65.50387596899225,0.0,22.22222222222222,0,49.25710594315245,37.66990291262136,False,True,False,False,True,"['Fuerza relativa rompiendo: RS-line bajo su SMA50 durante 5 sesiones seguidas', 'Fuerza relativa rompiendo: RS-line bajo su SMA50 durante 5 sesiones seguidas']",['No extendida (-5% sobre SMA50)'],"['Precio por debajo de SMA150 o SMA200', 'Medias móviles no alineadas alcistas', 'Fuerza relativa insuficiente (RS 38)', 'Sin breakout reciente sobre resistencia']",[],-0.05259576271859358,706.8200073242188,387.1400146484375
MPC,Energy,XLE,SALIDA,245.77999877929688,27.131782945736433,40.0,55.55555555555556,0,49.241602067183464,87.57281553398059,True,True,False,False,True,['Fuerza relativa rompiendo: RS-line bajo su SMA50 durante 5 sesiones seguidas'],"['Patrón de tendencia alcista (Stage 2)', 'No extendida (7% sobre SMA50)', 'Fuerza relativa alta (RS 88/100)']",['Sin breakout reciente sobre resistencia'],"['Beat consistente últimos 2 trimestres', 'Margen bruto en expansión los últimos 4 trimestres']",0.07067089502215021,260.510009765625,141.51466369628906
GOOGL,Communication Services,XLC,SALIDA,398.0400085449219,35.65891472868217,60.0,27.77777777777778,0,49.20801033591731,93.39805825242719,True,True,True,False,True,['Fuerza relativa rompiendo: RS-line bajo su SMA50 durante 5 sesiones seguidas'],"['Patrón de tendencia alcista (Stage 2)', 'No extendida (24% sobre SMA50)', 'Fuerza relativa alta (RS 93/100)', 'Línea de fuerza relativa en máximos']",['Breakout sin confirmación de volumen'],"['Revisiones de analistas al alza', 'Beat consistente últimos 2 trimestres', 'Margen bruto en expansión los últimos 4 trimestres']",0.24339163913565287,398.0400085449219,150.85690307617188
TRI,Industrials,XLI,SALIDA,91.75,54.65116279069767,0.0,38.88888888888889,0,49.082687338501295,5.048543689320388,False,True,False,True,True,"['Cierre por debajo de SMA50 (91.75 < 94.29) con volumen 1.7x', 'Fuerza relativa rompiendo: RS-line bajo su SMA50 durante 5 sesiones seguidas', 'Fuerza relativa rompiendo: RS-line bajo su SMA50 durante 5 sesiones seguidas']",['No extendida (-3% sobre SMA50)'],"['Precio por debajo de SMA150 o SMA200', 'Medias móviles no alineadas alcistas', 'SMA200 sin pendiente alcista', 'Lejos del máximo de 52 semanas', 'Fuerza relativa insuficiente (RS 5)', 'Sin breakout reciente sobre resistencia']",[],-0.026931980908917984,210.94461059570312,80.86000061035156
SO,Utilities,XLU,SALIDA,93.51000213623047,56.201550387596896,-20.0,50.0,0,48.980620155038764,46.40776699029126,False,True,False,False,True,"['Cierre por debajo de SMA50 (93.51 < 95.86) con volumen 1.2x', 'Stop ATR roto: cierre 93.51 < trailing stop 93.68', 'Fuerza relativa rompiendo: RS-line bajo su SMA50 durante 5 sesiones seguidas', 'Fuerza relativa rompiendo: RS-line bajo su SMA50 durante 5 sesiones seguidas']",['No extendida (-2% sobre SMA50)'],"['Fuerza relativa insuficiente (RS 46)', 'Sin breakout reciente sobre resistencia']",['Margen bruto en contracción'],-0.024537282429122533,99.11000061035156,82.21192169189453
WM,Industrials,XLI,SALIDA,220.52000427246094,45.542635658914726,20.0,38.88888888888889,0,48.93927648578811,37.0873786407767,False,True,False,False,True,"['Stop ATR roto: cierre 220.52 < trailing stop 221.63', 'Fuerza relativa rompiendo: RS-line bajo su SMA50 durante 5 sesiones seguidas', 'Fuerza relativa rompiendo: RS-line bajo su SMA50 durante 5 sesiones seguidas']",['No extendida (-5% sobre SMA50)'],"['Precio por debajo de SMA150 o SMA200', 'Medias móviles no alineadas alcistas', 'Fuerza relativa insuficiente (RS 37)', 'Sin breakout reciente sobre resistencia']",['Margen bruto en expansión los últimos 4 trimestres'],-0.0478972967138182,245.53370666503906,195.23580932617188
CPB,Consumer Defensive,XLP,SALIDA,20.959999084472656,76.55038759689923,-20.0,16.666666666666664,0,48.786821705426355,4.854368932038835,False,True,False,False,True,"['Fuerza relativa rompiendo: RS-line bajo su SMA50 durante 5 sesiones seguidas', 'Fuerza relativa rompiendo: RS-line bajo su SMA50 durante 5 sesiones seguidas']",['No extendida (-4% sobre SMA50)'],"['Precio por debajo de SMA150 o SMA200', 'Medias móviles no alineadas alcistas', 'SMA200 sin pendiente alcista', 'Lejos del máximo de 52 semanas', 'Fuerza relativa insuficiente (RS 5)', 'Sin breakout reciente sobre resistencia']",['Margen bruto en contracción'],-0.04066445699000784,33.945499420166016,20.0
REGN,Healthcare,XLV,SALIDA,721.0499877929688,74.6124031007752,0.0,5.555555555555555,0,48.73385012919897,57.86407766990291,False,True,False,False,True,"['Fuerza relativa rompiendo: RS-line bajo su SMA50 durante 5 sesiones seguidas', 'Fuerza relativa rompiendo: RS-line bajo su SMA50 durante 5 sesiones seguidas']",['No extendida (-4% sobre SMA50)'],"['Precio por debajo de SMA150 o SMA200', 'Fuerza relativa insuficiente (RS 58)', 'Sin breakout reciente sobre resistencia']","['Beat consistente últimos 2 trimestres', 'Margen bruto en contracción']",-0.04047505358417293,811.2941284179688,481.1548156738281
KR,Consumer Defensive,XLP,SALIDA,66.01000213623047,67.63565891472868,0.0,16.666666666666664,0,48.72093023255814,33.20388349514563,False,True,False,False,True,"['Stop ATR roto: cierre 66.01 < trailing stop 68.55', 'Fuerza relativa rompiendo: RS-line bajo su SMA50 durante 5 sesiones seguidas', 'Fuerza relativa rompiendo: RS-line bajo su SMA50 durante 5 sesiones seguidas']",['No extendida (-6% sobre SMA50)'],"['Precio por debajo de SMA150 o SMA200', 'Medias móviles no alineadas alcistas', 'SMA200 sin pendiente alcista', 'Fuerza relativa insuficiente (RS 33)', 'Sin breakout reciente sobre resistencia']",[],-0.05986603045052202,75.5999984741211,58.984188079833984
LLY,Healthcare,XLV,SALIDA,987.0499877929688,65.69767441860465,20.0,5.555555555555555,0,48.66795865633075,54.95145631067962,False,True,True,False,True,"['Fuerza relativa rompiendo: RS-line bajo su SMA50 durante 5 sesiones seguidas', 'Fuerza relativa rompiendo: RS-line bajo su SMA50 durante 5 sesiones seguidas']",['No extendida (5% sobre SMA50)'],"['Medias móviles no alineadas alcistas', 'Fuerza relativa insuficiente (RS 55)', 'Breakout sin confirmación de volumen']","['Revisiones de analistas al alza', 'Beat consistente últimos 2 trimestres', 'Margen bruto en contracción']",0.04523995714439305,1108.0904541015625,622.32470703125
CDW,Technology,XLK,SALIDA,109.0,13.178294573643413,20.0,88.88888888888889,0,48.49354005167959,5.825242718446602,False,True,False,True,True,"['Cierre por debajo de SMA50 (109.00 < 125.80) con volumen 3.8x', 'Stop ATR roto: cierre 109.00 < trailing stop 128.52']",['No extendida (-13% sobre SMA50)'],"['Precio por debajo de SMA150 o SMA200', 'Medias móviles no alineadas alcistas', 'SMA200 sin pendiente alcista', 'Lejos del máximo de 52 semanas', 'Fuerza relativa insuficiente (RS 6)', 'Sin breakout reciente sobre resistencia']",['Margen bruto en expansión los últimos 4 trimestres'],-0.13355220214244357,187.5325927734375,109.0
FOXA,Communication Services,XLC,SALIDA,62.209999084472656,51.356589147286826,20.0,27.77777777777778,0,48.487080103359176,49.70873786407767,False,True,False,False,True,['Fuerza relativa rompiendo: RS-line bajo su SMA50 durante 5 sesiones seguidas'],['No extendida (3% sobre SMA50)'],"['Precio por debajo de SMA150 o SMA200', 'Medias móviles no alineadas alcistas', 'Fuerza relativa insuficiente (RS 50)', 'Sin breakout reciente sobre resistencia']",['Beat consistente últimos 2 trimestres'],0.033146294576790844,75.73847198486328,49.07207107543945
MOS,Basic Materials,XLB,SALIDA,23.559999465942383,65.31007751937985,-20.0,33.33333333333333,0,48.45736434108527,11.067961165048544,False,True,False,False,True,"['Stop ATR roto: cierre 23.56 < trailing stop 24.52', 'Fuerza relativa rompiendo: RS-line bajo su SMA50 durante 5 sesiones seguidas', 'Fuerza relativa rompiendo: RS-line bajo su SMA50 durante 5 sesiones seguidas']",['No extendida (-8% sobre SMA50)'],"['Precio por debajo de SMA150 o SMA200', 'Medias móviles no alineadas alcistas', 'SMA200 sin pendiente alcista', 'Lejos del máximo de 52 semanas', 'Fuerza relativa insuficiente (RS 11)', 'Sin breakout reciente sobre resistencia']",['Margen bruto en contracción'],-0.07741226358660541,36.901241302490234,22.969999313354492
PYPL,Financial Services,XLF,SALIDA,46.27000045776367,78.87596899224806,-20.0,11.11111111111111,0,48.328165374677006,16.699029126213592,False,True,False,False,True,"['Stop ATR roto: cierre 46.27 < trailing stop 47.50', 'Fuerza relativa rompiendo: RS-line bajo su SMA50 durante 5 sesiones seguidas']",['No extendida (-1% sobre SMA50)'],"['Precio por debajo de SMA150 o SMA200', 'Medias móviles no alineadas alcistas', 'SMA200 sin pendiente alcista', 'Lejos del máximo de 52 semanas', 'Fuerza relativa insuficiente (RS 17)', 'Sin breakout reciente sobre resistencia']",['Margen bruto en contracción'],-0.013959484649540476,77.80403137207031,38.9620361328125
TT,Industrials,XLI,SALIDA,488.17999267578125,60.65891472868217,-20.0,38.88888888888889,0,47.98578811369509,65.63106796116504,False,True,False,False,True,['Fuerza relativa rompiendo: RS-line bajo su SMA50 durante 5 sesiones seguidas'],['No extendida (9% sobre SMA50)'],"['Fuerza relativa insuficiente (RS 66)', 'Sin breakout reciente sobre resistencia']",['Margen bruto en contracción'],0.08587842219789066,492.5400085449219,375.5242004394531
GRMN,Technology,XLK,SALIDA,242.82000732421875,11.821705426356589,20.0,88.88888888888889,0,47.950904392764855,72.03883495145631,False,True,False,False,True,"['Stop ATR roto: cierre 242.82 < trailing stop 252.84', 'Fuerza relativa rompiendo: RS-line bajo su SMA50 durante 5 sesiones seguidas']",['No extendida (-2% sobre SMA50)'],"['Medias móviles no alineadas alcistas', 'Fuerza relativa insuficiente (RS 72)', 'Sin breakout reciente sobre resistencia']",['Beat consistente últimos 2 trimestres'],-0.015513386834275722,267.5199890136719,184.11007690429688
AES,Utilities,XLU,SALIDA,14.34000015258789,27.325581395348834,40.0,50.0,0,47.93023255813954,61.55339805825243,False,True,False,False,True,"['Fuerza relativa rompiendo: RS-line bajo su SMA50 durante 5 sesiones seguidas', 'Fuerza relativa rompiendo: RS-line bajo su SMA50 durante 5 sesiones seguidas']",['No extendida (1% sobre SMA50)'],"['Fuerza relativa insuficiente (RS 62)', 'Sin breakout reciente sobre resistencia']","['Beat consistente últimos 2 trimestres', 'Margen bruto en expansión los últimos 4 trimestres']",0.005185650073415076,17.06953239440918,9.15911865234375
TRMB,Technology,XLK,SALIDA,63.41999816894531,10.852713178294573,20.0,88.88888888888889,0,47.56330749354005,20.97087378640777,False,True,False,True,True,"['Cierre por debajo de SMA50 (63.42 < 66.95) con volumen 2.5x', 'Stop ATR roto: cierre 63.42 < trailing stop 64.69', 'Fuerza relativa rompiendo: RS-line bajo su SMA50 durante 5 sesiones seguidas']",['No extendida (-5% sobre SMA50)'],"['Precio por debajo de SMA150 o SMA200', 'Medias móviles no alineadas alcistas', 'SMA200 sin pendiente alcista', 'Lejos del máximo de 52 semanas', 'Fuerza relativa insuficiente (RS 21)', 'Sin breakout reciente sobre resistencia']",['Margen bruto en expansión los últimos 4 trimestres'],-0.0527174509351519,85.23999786376953,62.540000915527344
ELV,Healthcare,XLV,SALIDA,374.7099914550781,62.5968992248062,20.0,5.555555555555555,0,47.42764857881137,66.79611650485437,False,True,False,False,True,['Fuerza relativa rompiendo: RS-line bajo su SMA50 durante 5 sesiones seguidas'],['No extendida (19% sobre SMA50)'],"['Medias móviles no alineadas alcistas', 'SMA200 sin pendiente alcista', 'Fuerza relativa insuficiente (RS 67)', 'Sin breakout reciente sobre resistencia']",['Beat consistente últimos 2 trimestres'],0.193234606039026,408.7035827636719,270.10369873046875
WTW,Financial Services,XLF,SALIDA,252.41000366210938,59.10852713178295,20.0,11.11111111111111,0,47.42118863049096,8.932038834951456,False,True,False,True,True,"['Cierre por debajo de SMA50 (252.41 < 288.35) con volumen 1.9x', 'Stop ATR roto: cierre 252.41 < trailing stop 274.10', 'Fuerza relativa rompiendo: RS-line bajo su SMA50 durante 5 sesiones seguidas', 'Fuerza relativa rompiendo: RS-line bajo su SMA50 durante 5 sesiones seguidas']",['No extendida (-12% sobre SMA50)'],"['Precio por debajo de SMA150 o SMA200', 'Medias móviles no alineadas alcistas', 'SMA200 sin pendiente alcista', 'Lejos del máximo de 52 semanas', 'Fuerza relativa insuficiente (RS 9)', 'Sin breakout reciente sobre resistencia']",['Margen bruto en expansión los últimos 4 trimestres'],-0.12463619224472279,347.80859375,252.41000366210938
TDG,Industrials,XLI,SALIDA,1233.3699951171875,50.3875968992248,0.0,38.88888888888889,0,47.377260981912144,27.378640776699033,False,True,False,False,True,"['Fuerza relativa rompiendo: RS-line bajo su SMA50 durante 5 sesiones seguidas', 'Fuerza relativa rompiendo: RS-line bajo su SMA50 durante 5 sesiones seguidas']",['No extendida (1% sobre SMA50)'],"['Precio por debajo de SMA150 o SMA200', 'Medias móviles no alineadas alcistas', 'SMA200 sin pendiente alcista', 'Fuerza relativa insuficiente (RS 27)', 'Sin breakout reciente sobre resistencia']",[],0.014505461281931926,1516.55029296875,1132.8800048828125
CNC,Healthcare,XLV,SALIDA,55.33000183105469,61.82170542635659,20.0,5.555555555555555,0,47.117571059431526,90.67961165048544,True,False,True,False,True,['Fuerza relativa rompiendo: RS-line bajo su SMA50 durante 5 sesiones seguidas'],"['Patrón de tendencia alcista (Stage 2)', 'Fuerza relativa alta (RS 91/100)', 'Línea de fuerza relativa en máximos']","['Demasiado extendida (38% sobre SMA50)', 'Breakout sin confirmación de volumen']",['Margen bruto en expansión los últimos 4 trimestres'],0.3849674023967296,62.91999816894531,25.209999084472656
ZBH,Healthcare,XLV,SALIDA,82.83000183105469,79.06976744186046,-20.0,5.555555555555555,0,47.01679586563307,22.52427184466019,False,True,False,False,True,"['Stop ATR roto: cierre 82.83 < trailing stop 89.76', 'Fuerza relativa rompiendo: RS-line bajo su SMA50 durante 5 sesiones seguidas', 'Fuerza relativa rompiendo: RS-line bajo su SMA50 durante 5 sesiones seguidas']",['No extendida (-9% sobre SMA50)'],"['Precio por debajo de SMA150 o SMA200', 'Medias móviles no alineadas alcistas', 'SMA200 sin pendiente alcista', 'Fuerza relativa insuficiente (RS 23)', 'Sin breakout reciente sobre resistencia']",['Margen bruto en contracción'],-0.09236617052299435,106.87191009521484,80.06999969482422
INVH,Real Estate,XLRE,SALIDA,28.739999771118164,52.90697674418605,-40.0,61.111111111111114,0,46.9405684754522,39.22330097087379,False,True,True,False,True,['Fuerza relativa rompiendo: RS-line bajo su SMA50 durante 5 sesiones seguidas'],['No extendida (10% sobre SMA50)'],"['Medias móviles no alineadas alcistas', 'SMA200 sin pendiente alcista', 'Fuerza relativa insuficiente (RS 39)', 'Breakout sin confirmación de volumen']","['Miss consistente últimos 2 trimestres', 'Margen bruto en contracción']",0.1031180007625727,33.465389251708984,24.096025466918945
BBY,Consumer Cyclical,XLY,SALIDA,58.689998626708984,59.30232558139535,0.0,22.22222222222222,0,46.7764857881137,16.893203883495143,False,True,False,False,True,"['Stop ATR roto: cierre 58.69 < trailing stop 62.09', 'Fuerza relativa rompiendo: RS-line bajo su SMA50 durante 5 sesiones seguidas', 'Fuerza relativa rompiendo: RS-line bajo su SMA50 durante 5 sesiones seguidas']",['No extendida (-6% sobre SMA50)'],"['Precio por debajo de SMA150 o SMA200', 'Medias móviles no alineadas alcistas', 'SMA200 sin pendiente alcista', 'Lejos del máximo de 52 semanas', 'Fuerza relativa insuficiente (RS 17)', 'Sin breakout reciente sobre resistencia']","['Beat consistente últimos 2 trimestres', 'Margen bruto en contracción']",-0.0613925570766242,81.66181945800781,57.27000045776367
JCI,Industrials,XLI,SALIDA,143.13999938964844,48.44961240310077,0.0,38.88888888888889,0,46.60206718346253,82.71844660194175,True,True,False,True,True,['Fuerza relativa rompiendo: RS-line bajo su SMA50 durante 5 sesiones seguidas'],"['Patrón de tendencia alcista (Stage 2)', 'No extendida (4% sobre SMA50)', 'Fuerza relativa alta (RS 83/100)']",['Sin breakout reciente sobre resistencia'],"['Beat consistente últimos 2 trimestres', 'Margen bruto en contracción']",0.039445900104911065,146.02999877929688,88.21669006347656
LUV,Industrials,XLI,SALIDA,41.5,39.53488372093023,20.0,38.88888888888889,0,46.536175710594314,67.96116504854369,False,True,False,False,True,"['Fuerza relativa rompiendo: RS-line bajo su SMA50 durante 5 sesiones seguidas', 'Fuerza relativa rompiendo: RS-line bajo su SMA50 durante 5 sesiones seguidas']",['No extendida (2% sobre SMA50)'],"['Fuerza relativa insuficiente (RS 68)', 'Sin breakout reciente sobre resistencia']",['Margen bruto en expansión los últimos 4 trimestres'],0.016518110955086898,54.564300537109375,28.648651123046875
EA,Communication Services,XLC,SALIDA,200.7899932861328,63.759689922480625,-20.0,27.77777777777778,0,46.44832041343669,63.30097087378641,False,True,False,True,True,"['Cierre por debajo de SMA50 (200.79 < 201.86) con volumen 1.4x', 'Stop ATR roto: cierre 200.79 < trailing stop 201.63', 'Fuerza relativa rompiendo: RS-line bajo su SMA50 durante 5 sesiones seguidas', 'Fuerza relativa rompiendo: RS-line bajo su SMA50 durante 5 sesiones seguidas']",['No extendida (-1% sobre SMA50)'],"['Precio por debajo de SMA150 o SMA200', 'Fuerza relativa insuficiente (RS 63)', 'Sin breakout reciente sobre resistencia']",['Margen bruto en contracción'],-0.0052810289597945296,204.59640502929688,142.41429138183594
BDX,Healthcare,XLV,SALIDA,144.75999450683594,60.07751937984496,20.0,5.555555555555555,0,46.41989664082687,37.86407766990291,False,True,False,False,True,"['Cierre por debajo de SMA50 (144.76 < 158.09) con volumen 1.3x', 'Stop ATR roto: cierre 144.76 < trailing stop 150.22', 'Fuerza relativa rompiendo: RS-line bajo su SMA50 durante 5 sesiones seguidas', 'Fuerza relativa rompiendo: RS-line bajo su SMA50 durante 5 sesiones seguidas']",['No extendida (-8% sobre SMA50)'],"['Precio por debajo de SMA150 o SMA200', 'Fuerza relativa insuficiente (RS 38)', 'Sin breakout reciente sobre resistencia']",['Margen bruto en expansión los últimos 4 trimestres'],-0.08431186210526224,184.21353149414062,126.853759765625
BLK,Financial Services,XLF,SALIDA,1073.5699462890625,56.395348837209305,20.0,11.11111111111111,0,46.3359173126615,46.990291262135926,False,True,False,False,True,"['Fuerza relativa rompiendo: RS-line bajo su SMA50 durante 5 sesiones seguidas', 'Fuerza relativa rompiendo: RS-line bajo su SMA50 durante 5 sesiones seguidas']",['No extendida (7% sobre SMA50)'],"['Medias móviles no alineadas alcistas', 'SMA200 sin pendiente alcista', 'Fuerza relativa insuficiente (RS 47)', 'Sin breakout reciente sobre resistencia']","['Revisiones de analistas al alza', 'Beat consistente últimos 2 trimestres', 'Margen bruto en contracción']",0.06550700944267475,1190.13916015625,896.4943237304688
LDOS,Technology,XLK,SALIDA,134.89999389648438,7.751937984496124,20.0,88.88888888888889,0,46.32299741602067,8.155339805825243,False,True,False,True,True,"['Cierre por debajo de SMA50 (134.90 < 160.23) con volumen 2.0x', 'Stop ATR roto: cierre 134.90 < trailing stop 148.03', 'Fuerza relativa rompiendo: RS-line bajo su SMA50 durante 5 sesiones seguidas']",['No extendida (-16% sobre SMA50)'],"['Precio por debajo de SMA150 o SMA200', 'Medias móviles no alineadas alcistas', 'SMA200 sin pendiente alcista', 'Lejos del máximo de 52 semanas', 'Fuerza relativa insuficiente (RS 8)', 'Sin breakout reciente sobre resistencia']",['Beat consistente últimos 2 trimestres'],-0.15809795655424627,198.60533142089844,134.89999389648438
SHOP,Technology,XLK,SALIDA,105.44000244140625,16.472868217054263,0.0,88.88888888888889,0,46.31136950904393,17.66990291262136,False,True,False,True,True,"['Cierre por debajo de SMA50 (105.44 < 122.29) con volumen 2.6x', 'Stop ATR roto: cierre 105.44 < trailing stop 117.72', 'Fuerza relativa rompiendo: RS-line bajo su SMA50 durante 5 sesiones seguidas']",['No extendida (-14% sobre SMA50)'],"['Precio por debajo de SMA150 o SMA200', 'Medias móviles no alineadas alcistas', 'Lejos del máximo de 52 semanas', 'Fuerza relativa insuficiente (RS 18)', 'Sin breakout reciente sobre resistencia']","['Revisiones de analistas al alza', 'Margen bruto en contracción']",-0.13775336448729114,179.00999450683594,91.7699966430664
SJM,Consumer Defensive,XLP,SALIDA,96.83000183105469,52.71317829457365,20.0,16.666666666666664,0,46.25193798449613,22.330097087378643,False,True,False,False,True,"['Fuerza relativa rompiendo: RS-line bajo su SMA50 durante 5 sesiones seguidas', 'Fuerza relativa rompiendo: RS-line bajo su SMA50 durante 5 sesiones seguidas']",['No extendida (-3% sobre SMA50)'],"['Precio por debajo de SMA150 o SMA200', 'Medias móviles no alineadas alcistas', 'SMA200 sin pendiente alcista', 'Fuerza relativa insuficiente (RS 22)', 'Sin breakout reciente sobre resistencia']",['Margen bruto en expansión los últimos 4 trimestres'],-0.03137065125810747,116.0,89.52999877929688
GL,Financial Services,XLF,SALIDA,154.38999938964844,64.92248062015504,0.0,11.11111111111111,0,46.2467700258398,66.60194174757281,True,True,False,False,True,['Fuerza relativa rompiendo: RS-line bajo su SMA50 durante 5 sesiones seguidas'],"['Patrón de tendencia alcista (Stage 2)', 'No extendida (6% sobre SMA50)']","['Fuerza relativa insuficiente (RS 67)', 'Sin breakout reciente sobre resistencia']",[],0.06492445284127112,154.38999938964844,116.86807250976562
WYNN,Consumer Cyclical,XLY,SALIDA,107.56999969482422,75.3875968992248,-40.0,22.22222222222222,0,46.21059431524548,39.029126213592235,False,True,False,False,True,"['Fuerza relativa rompiendo: RS-line bajo su SMA50 durante 5 sesiones seguidas', 'Fuerza relativa rompiendo: RS-line bajo su SMA50 durante 5 sesiones seguidas']",['No extendida (4% sobre SMA50)'],"['Precio por debajo de SMA150 o SMA200', 'Medias móviles no alineadas alcistas', 'Fuerza relativa insuficiente (RS 39)', 'Sin breakout reciente sobre resistencia']","['Miss consistente últimos 2 trimestres', 'Margen bruto en contracción']",0.03665740622131543,132.80035400390625,82.697509765625
WRB,Financial Services,XLF,SALIDA,66.12000274658203,64.34108527131784,0.0,11.11111111111111,0,46.01421188630491,27.184466019417474,False,True,False,False,True,"['Fuerza relativa rompiendo: RS-line bajo su SMA50 durante 5 sesiones seguidas', 'Fuerza relativa rompiendo: RS-line bajo su SMA50 durante 5 sesiones seguidas']",['No extendida (-2% sobre SMA50)'],"['Precio por debajo de SMA150 o SMA200', 'Medias móviles no alineadas alcistas', 'SMA200 sin pendiente alcista', 'Fuerza relativa insuficiente (RS 27)', 'Sin breakout reciente sobre resistencia']",[],-0.01873481366653208,77.12866973876953,64.48999786376953
BXP,Real Estate,XLRE,SALIDA,59.84000015258789,24.224806201550386,20.0,61.111111111111114,0,45.96770025839793,25.631067961165048,False,True,False,False,True,['Fuerza relativa rompiendo: RS-line bajo su SMA50 durante 5 sesiones seguidas'],['No extendida (9% sobre SMA50)'],"['Precio por debajo de SMA150 o SMA200', 'Medias móviles no alineadas alcistas', 'SMA200 sin pendiente alcista', 'Fuerza relativa insuficiente (RS 26)', 'Sin breakout reciente sobre resistencia']",['Beat consistente últimos 2 trimestres'],0.09394596974946855,76.36109161376953,50.735267639160156
UPS,Industrials,XLI,SALIDA,99.88999938964844,37.98449612403101,20.0,38.88888888888889,0,45.91602067183462,44.66019417475729,False,True,False,False,True,"['Stop ATR roto: cierre 99.89 < trailing stop 100.90', 'Fuerza relativa rompiendo: RS-line bajo su SMA50 durante 5 sesiones seguidas', 'Fuerza relativa rompiendo: RS-line bajo su SMA50 durante 5 sesiones seguidas']",['No extendida (-3% sobre SMA50)'],"['Fuerza relativa insuficiente (RS 45)', 'Sin breakout reciente sobre resistencia']",['Margen bruto en expansión los últimos 4 trimestres'],-0.026437930503890008,118.34954833984375,80.0525894165039
TAP,Consumer Defensive,XLP,SALIDA,42.7599983215332,68.9922480620155,-20.0,16.666666666666664,0,45.76356589147287,17.864077669902912,False,True,False,False,True,"['Fuerza relativa rompiendo: RS-line bajo su SMA50 durante 5 sesiones seguidas', 'Fuerza relativa rompiendo: RS-line bajo su SMA50 durante 5 sesiones seguidas']",['No extendida (-3% sobre SMA50)'],"['Precio por debajo de SMA150 o SMA200', 'Medias móviles no alineadas alcistas', 'SMA200 sin pendiente alcista', 'Fuerza relativa insuficiente (RS 18)', 'Sin breakout reciente sobre resistencia']",['Margen bruto en contracción'],-0.025701677935279617,54.76203536987305,40.72999954223633
FOX,Communication Services,XLC,SALIDA,56.220001220703125,53.29457364341085,0.0,27.77777777777778,0,45.76227390180878,48.349514563106794,False,True,False,False,True,"['Fuerza relativa rompiendo: RS-line bajo su SMA50 durante 5 sesiones seguidas', 'Fuerza relativa rompiendo: RS-line bajo su SMA50 durante 5 sesiones seguidas']",['No extendida (3% sobre SMA50)'],"['Precio por debajo de SMA150 o SMA200', 'Medias móviles no alineadas alcistas', 'Fuerza relativa insuficiente (RS 48)', 'Sin breakout reciente sobre resistencia']",[],0.03428972430500219,67.39778900146484,45.494083404541016
CME,Financial Services,XLF,SALIDA,288.3399963378906,54.84496124031008,20.0,11.11111111111111,0,45.71576227390181,48.932038834951456,False,True,False,False,True,"['Stop ATR roto: cierre 288.34 < trailing stop 294.35', 'Fuerza relativa rompiendo: RS-line bajo su SMA50 durante 5 sesiones seguidas', 'Fuerza relativa rompiendo: RS-line bajo su SMA50 durante 5 sesiones seguidas']",['No extendida (-4% sobre SMA50)'],"['Fuerza relativa insuficiente (RS 49)', 'Sin breakout reciente sobre resistencia']",['Margen bruto en expansión los últimos 4 trimestres'],-0.038611668036791336,318.8379211425781,251.62696838378906
DLR,Real Estate,XLRE,SALIDA,199.67999267578125,23.449612403100776,20.0,61.111111111111114,0,45.65762273901809,73.98058252427184,True,True,False,False,True,['Fuerza relativa rompiendo: RS-line bajo su SMA50 durante 5 sesiones seguidas'],"['Patrón de tendencia alcista (Stage 2)', 'No extendida (7% sobre SMA50)']","['Fuerza relativa insuficiente (RS 74)', 'Sin breakout reciente sobre resistencia']",['Margen bruto en expansión los últimos 4 trimestres'],0.07294267891720767,203.91000366210938,146.92958068847656
SWK,Industrials,XLI,SALIDA,81.02999877929688,28.488372093023255,40.0,38.88888888888889,0,45.617571059431526,69.51456310679612,False,True,False,False,True,['Fuerza relativa rompiendo: RS-line bajo su SMA50 durante 5 sesiones seguidas'],['No extendida (9% sobre SMA50)'],"['Medias móviles no alineadas alcistas', 'Fuerza relativa insuficiente (RS 70)', 'Sin breakout reciente sobre resistencia']","['Beat consistente últimos 2 trimestres', 'Margen bruto en expansión los últimos 4 trimestres']",0.09412811730682122,90.95065307617188,56.232784271240234
FISV,,,SALIDA,56.11000061035156,47.093023255813954,-20.0,50.0,0,45.33720930232558,3.300970873786408,False,True,False,True,True,"['Cierre por debajo de SMA50 (56.11 < 59.33) con volumen 1.6x', 'Stop ATR roto: cierre 56.11 < trailing stop 59.19']",['No extendida (-5% sobre SMA50)'],"['Precio por debajo de SMA150 o SMA200', 'Medias móviles no alineadas alcistas', 'SMA200 sin pendiente alcista', 'Lejos del máximo de 52 semanas', 'Fuerza relativa insuficiente (RS 3)', 'Sin breakout reciente sobre resistencia']",['Margen bruto en contracción'],-0.05422487839913819,191.0,53.900001525878906
BSX,Healthcare,XLV,SALIDA,56.0,57.17054263565892,20.0,5.555555555555555,0,45.25710594315245,1.7475728155339807,False,True,False,False,True,"['Stop ATR roto: cierre 56.00 < trailing stop 60.59', 'Fuerza relativa rompiendo: RS-line bajo su SMA50 durante 5 sesiones seguidas', 'Fuerza relativa rompiendo: RS-line bajo su SMA50 durante 5 sesiones seguidas']",['No extendida (-15% sobre SMA50)'],"['Precio por debajo de SMA150 o SMA200', 'Medias móviles no alineadas alcistas', 'SMA200 sin pendiente alcista', 'Lejos del máximo de 52 semanas', 'Fuerza relativa insuficiente (RS 2)', 'Sin breakout reciente sobre resistencia']",['Margen bruto en expansión los últimos 4 trimestres'],-0.14939896045116305,108.13999938964844,55.97999954223633
CSX,Industrials,XLI,SALIDA,45.599998474121094,53.68217054263565,-20.0,38.88888888888889,0,45.195090439276484,83.30097087378641,True,True,False,False,True,['Fuerza relativa rompiendo: RS-line bajo su SMA50 durante 5 sesiones seguidas'],"['Patrón de tendencia alcista (Stage 2)', 'No extendida (9% sobre SMA50)', 'Fuerza relativa alta (RS 83/100)']",['Sin breakout reciente sobre resistencia'],['Margen bruto en contracción'],0.08587382184063014,46.18000030517578,27.668697357177734
PG,Consumer Defensive,XLP,SALIDA,147.89999389648438,58.720930232558146,0.0,16.666666666666664,0,45.15503875968992,32.23300970873787,False,True,False,False,True,"['Fuerza relativa rompiendo: RS-line bajo su SMA50 durante 5 sesiones seguidas', 'Fuerza relativa rompiendo: RS-line bajo su SMA50 durante 5 sesiones seguidas']",['No extendida (0% sobre SMA50)'],"['Precio por debajo de SMA150 o SMA200', 'Medias móviles no alineadas alcistas', 'SMA200 sin pendiente alcista', 'Fuerza relativa insuficiente (RS 32)', 'Sin breakout reciente sobre resistencia']",[],0.002585450230901291,165.95037841796875,136.0424041748047
PFG,Financial Services,XLF,SALIDA,101.55000305175781,61.627906976744185,0.0,11.11111111111111,0,44.928940568475454,77.08737864077669,True,True,False,False,True,['Fuerza relativa rompiendo: RS-line bajo su SMA50 durante 5 sesiones seguidas'],"['Patrón de tendencia alcista (Stage 2)', 'No extendida (9% sobre SMA50)']","['Fuerza relativa insuficiente (RS 77)', 'Sin breakout reciente sobre resistencia']",[],0.09431978565451514,101.55000305175781,73.43386840820312
GD,Industrials,XLI,SALIDA,347.2699890136719,35.27131782945737,20.0,38.88888888888889,0,44.83074935400517,55.72815533980583,False,True,False,False,True,"['Fuerza relativa rompiendo: RS-line bajo su SMA50 durante 5 sesiones seguidas', 'Fuerza relativa rompiendo: RS-line bajo su SMA50 durante 5 sesiones seguidas']",['No extendida (1% sobre SMA50)'],"['Fuerza relativa insuficiente (RS 56)', 'Sin breakout reciente sobre resistencia']",['Margen bruto en expansión los últimos 4 trimestres'],0.008331048049746723,365.68145751953125,264.5869140625
MDT,Healthcare,XLV,SALIDA,77.5999984741211,64.72868217054264,0.0,5.555555555555555,0,44.78036175710594,15.339805825242719,False,True,False,False,True,"['Cierre por debajo de SMA50 (77.60 < 86.81) con volumen 1.3x', 'Stop ATR roto: cierre 77.60 < trailing stop 83.46', 'Fuerza relativa rompiendo: RS-line bajo su SMA50 durante 5 sesiones seguidas', 'Fuerza relativa rompiendo: RS-line bajo su SMA50 durante 5 sesiones seguidas']",['No extendida (-11% sobre SMA50)'],"['Precio por debajo de SMA150 o SMA200', 'Medias móviles no alineadas alcistas', 'SMA200 sin pendiente alcista', 'Lejos del máximo de 52 semanas', 'Fuerza relativa insuficiente (RS 15)', 'Sin breakout reciente sobre resistencia']",[],-0.10606708942725651,103.73406982421875,77.5999984741211
OTIS,Industrials,XLI,SALIDA,76.70999908447266,43.21705426356589,0.0,38.88888888888889,0,44.509043927648584,15.922330097087379,False,True,False,False,True,"['Stop ATR roto: cierre 76.71 < trailing stop 77.03', 'Fuerza relativa rompiendo: RS-line bajo su SMA50 durante 5 sesiones seguidas', 'Fuerza relativa rompiendo: RS-line bajo su SMA50 durante 5 sesiones seguidas']",['No extendida (-6% sobre SMA50)'],"['Precio por debajo de SMA150 o SMA200', 'Medias móviles no alineadas alcistas', 'SMA200 sin pendiente alcista', 'Fuerza relativa insuficiente (RS 16)', 'Sin breakout reciente sobre resistencia']",[],-0.05795233710384904,99.66043853759766,75.62000274658203
PRU,Financial Services,XLF,SALIDA,100.16000366210938,59.68992248062015,0.0,11.11111111111111,0,44.15374677002584,36.699029126213595,False,True,False,True,True,"['Fuerza relativa rompiendo: RS-line bajo su SMA50 durante 5 sesiones seguidas', 'Fuerza relativa rompiendo: RS-line bajo su SMA50 durante 5 sesiones seguidas']",['No extendida (3% sobre SMA50)'],"['Precio por debajo de SMA150 o SMA200', 'Medias móviles no alineadas alcistas', 'SMA200 sin pendiente alcista', 'Fuerza relativa insuficiente (RS 37)', 'Sin breakout reciente sobre resistencia']",[],0.03408477244374983,117.13116455078125,92.0
DVA,Healthcare,XLV,SALIDA,193.8800048828125,62.98449612403101,0.0,5.555555555555555,0,44.08268733850129,88.7378640776699,False,False,True,True,True,['Fuerza relativa rompiendo: RS-line bajo su SMA50 durante 5 sesiones seguidas'],"['Fuerza relativa alta (RS 89/100)', 'Línea de fuerza relativa en máximos', 'Breakout sobre pivot con volumen 3.5× lo normal']",['Medias móviles no alineadas alcistas'],"['Beat consistente últimos 2 trimestres', 'Margen bruto en contracción']",0.2728968166906425,193.8800048828125,103.87000274658203
CHD,Consumer Defensive,XLP,SALIDA,94.95999908447266,46.70542635658915,20.0,16.666666666666664,0,43.848837209302324,40.97087378640777,False,True,False,False,True,"['Fuerza relativa rompiendo: RS-line bajo su SMA50 durante 5 sesiones seguidas', 'Fuerza relativa rompiendo: RS-line bajo su SMA50 durante 5 sesiones seguidas']",['No extendida (-2% sobre SMA50)'],"['Medias móviles no alineadas alcistas', 'SMA200 sin pendiente alcista', 'Fuerza relativa insuficiente (RS 41)', 'Sin breakout reciente sobre resistencia']",['Margen bruto en expansión los últimos 4 trimestres'],-0.016950772169060678,105.26000213623047,81.26483917236328
TGT,Consumer Defensive,XLP,SALIDA,130.19000244140625,64.14728682170544,-20.0,16.666666666666664,0,43.82558139534884,83.68932038834951,True,True,False,False,True,['Fuerza relativa rompiendo: RS-line bajo su SMA50 durante 5 sesiones seguidas'],"['Patrón de tendencia alcista (Stage 2)', 'No extendida (7% sobre SMA50)', 'Fuerza relativa alta (RS 84/100)']",['Sin breakout reciente sobre resistencia'],['Margen bruto en contracción'],0.07068549099907574,132.10000610351562,82.83750915527344
HUBB,Industrials,XLI,SALIDA,502.3399963378906,50.1937984496124,-20.0,38.88888888888889,0,43.79974160206718,67.76699029126215,True,True,False,False,True,"['Cierre por debajo de SMA50 (502.34 < 508.06) con volumen 1.4x', 'Stop ATR roto: cierre 502.34 < trailing stop 514.64', 'Fuerza relativa rompiendo: RS-line bajo su SMA50 durante 5 sesiones seguidas', 'Fuerza relativa rompiendo: RS-line bajo su SMA50 durante 5 sesiones seguidas']","['Patrón de tendencia alcista (Stage 2)', 'No extendida (-1% sobre SMA50)']","['Fuerza relativa insuficiente (RS 68)', 'Sin breakout reciente sobre resistencia']",['Margen bruto en contracción'],-0.011266695626431147,557.8499755859375,344.04217529296875
MCO,Financial Services,XLF,SALIDA,448.6400146484375,58.52713178294574,0.0,11.11111111111111,0,43.68863049095608,27.766990291262132,False,True,False,False,True,"['Fuerza relativa rompiendo: RS-line bajo su SMA50 durante 5 sesiones seguidas', 'Fuerza relativa rompiendo: RS-line bajo su SMA50 durante 5 sesiones seguidas']",['No extendida (0% sobre SMA50)'],"['Precio por debajo de SMA150 o SMA200', 'Medias móviles no alineadas alcistas', 'SMA200 sin pendiente alcista', 'Fuerza relativa insuficiente (RS 28)', 'Sin breakout reciente sobre resistencia']",[],2.515124100233968e-05,538.4462280273438,411.3409729003906
URI,Industrials,XLI,SALIDA,964.5,49.8062015503876,-20.0,38.88888888888889,0,43.644702842377264,74.1747572815534,False,True,False,False,True,['Fuerza relativa rompiendo: RS-line bajo su SMA50 durante 5 sesiones seguidas'],['No extendida (19% sobre SMA50)'],"['Medias móviles no alineadas alcistas', 'Fuerza relativa insuficiente (RS 74)', 'Sin breakout reciente sobre resistencia']",['Margen bruto en contracción'],0.19190027092645545,1015.5770263671875,645.9522094726562
AON,Financial Services,XLF,SALIDA,308.2699890136719,49.41860465116279,20.0,11.11111111111111,0,43.54521963824289,18.640776699029125,False,True,False,False,True,"['Stop ATR roto: cierre 308.27 < trailing stop 311.59', 'Fuerza relativa rompiendo: RS-line bajo su SMA50 durante 5 sesiones seguidas', 'Fuerza relativa rompiendo: RS-line bajo su SMA50 durante 5 sesiones seguidas']",['No extendida (-5% sobre SMA50)'],"['Precio por debajo de SMA150 o SMA200', 'Medias móviles no alineadas alcistas', 'SMA200 sin pendiente alcista', 'Fuerza relativa insuficiente (RS 19)', 'Sin breakout reciente sobre resistencia']",['Margen bruto en expansión los últimos 4 trimestres'],-0.04829857653778027,374.3845520019531,308.2699890136719
HON,Industrials,XLI,SALIDA,216.86000061035156,40.69767441860465,0.0,38.88888888888889,0,43.50129198966408,42.52427184466019,False,True,False,False,True,"['Stop ATR roto: cierre 216.86 < trailing stop 220.19', 'Fuerza relativa rompiendo: RS-line bajo su SMA50 durante 5 sesiones seguidas', 'Fuerza relativa rompiendo: RS-line bajo su SMA50 durante 5 sesiones seguidas']",['No extendida (-5% sobre SMA50)'],"['Fuerza relativa insuficiente (RS 43)', 'Sin breakout reciente sobre resistencia']",[],-0.049546094621947756,248.0399932861328,187.21054077148438
APO,Financial Services,XLF,SALIDA,129.52999877929688,49.224806201550386,20.0,11.11111111111111,0,43.46770025839793,33.00970873786408,False,True,False,False,True,['Fuerza relativa rompiendo: RS-line bajo su SMA50 durante 5 sesiones seguidas'],['No extendida (13% sobre SMA50)'],"['Precio por debajo de SMA150 o SMA200', 'Medias móviles no alineadas alcistas', 'SMA200 sin pendiente alcista', 'Fuerza relativa insuficiente (RS 33)', 'Sin breakout reciente sobre resistencia']","['Revisiones de analistas a la baja', 'Beat consistente últimos 2 trimestres', 'Margen bruto en expansión los últimos 4 trimestres']",0.1337080441179377,154.24183654785156,100.30000305175781
FER,Industrials,XLI,SALIDA,71.69000244140625,40.50387596899225,0.0,38.88888888888889,0,43.42377260981912,77.47572815533981,False,True,False,False,True,"['Fuerza relativa rompiendo: RS-line bajo su SMA50 durante 5 sesiones seguidas', 'Fuerza relativa rompiendo: RS-line bajo su SMA50 durante 5 sesiones seguidas']",['No extendida (6% sobre SMA50)'],"['Fuerza relativa insuficiente (RS 77)', 'Sin breakout reciente sobre resistencia']",[],0.05743081057155828,74.37999725341797,47.70237731933594
PH,Industrials,XLI,SALIDA,902.6599731445312,49.031007751937985,-20.0,38.88888888888889,0,43.33462532299742,68.15533980582525,False,True,False,False,True,"['Stop ATR roto: cierre 902.66 < trailing stop 939.24', 'Fuerza relativa rompiendo: RS-line bajo su SMA50 durante 5 sesiones seguidas', 'Fuerza relativa rompiendo: RS-line bajo su SMA50 durante 5 sesiones seguidas']",['No extendida (-4% sobre SMA50)'],"['Fuerza relativa insuficiente (RS 68)', 'Sin breakout reciente sobre resistencia']",['Margen bruto en contracción'],-0.03938823389790382,1023.02001953125,608.2945556640625
HSY,Consumer Defensive,XLP,SALIDA,186.41000366210938,36.627906976744185,40.0,16.666666666666664,0,43.31782945736434,44.07766990291262,False,True,False,False,True,"['Cierre por debajo de SMA50 (186.41 < 207.24) con volumen 1.3x', 'Stop ATR roto: cierre 186.41 < trailing stop 197.15', 'Fuerza relativa rompiendo: RS-line bajo su SMA50 durante 5 sesiones seguidas', 'Fuerza relativa rompiendo: RS-line bajo su SMA50 durante 5 sesiones seguidas']",['No extendida (-10% sobre SMA50)'],"['Precio por debajo de SMA150 o SMA200', 'Fuerza relativa insuficiente (RS 44)', 'Sin breakout reciente sobre resistencia']","['Beat consistente últimos 2 trimestres', 'Margen bruto en expansión los últimos 4 trimestres']",-0.10051580849007466,236.27999877929688,148.0203857421875
VRTX,Healthcare,XLV,SALIDA,427.6499938964844,60.85271317829457,0.0,5.555555555555555,0,43.229974160206716,30.29126213592233,False,True,False,False,True,"['Fuerza relativa rompiendo: RS-line bajo su SMA50 durante 5 sesiones seguidas', 'Fuerza relativa rompiendo: RS-line bajo su SMA50 durante 5 sesiones seguidas']",['No extendida (-5% sobre SMA50)'],"['Precio por debajo de SMA150 o SMA200', 'SMA200 sin pendiente alcista', 'Fuerza relativa insuficiente (RS 30)', 'Sin breakout reciente sobre resistencia']",[],-0.05019561568674655,499.1700134277344,366.5400085449219
MKC,Consumer Defensive,XLP,SALIDA,48.4900016784668,44.76744186046512,20.0,16.666666666666664,0,43.07364341085272,5.436893203883495,False,True,False,False,True,"['Stop ATR roto: cierre 48.49 < trailing stop 49.78', 'Fuerza relativa rompiendo: RS-line bajo su SMA50 durante 5 sesiones seguidas', 'Fuerza relativa rompiendo: RS-line bajo su SMA50 durante 5 sesiones seguidas']",['No extendida (-12% sobre SMA50)'],"['Precio por debajo de SMA150 o SMA200', 'Medias móviles no alineadas alcistas', 'SMA200 sin pendiente alcista', 'Lejos del máximo de 52 semanas', 'Fuerza relativa insuficiente (RS 5)', 'Sin breakout reciente sobre resistencia']",['Margen bruto en expansión los últimos 4 trimestres'],-0.11922757154299528,75.36959075927734,47.95256805419922
NDAQ,Financial Services,XLF,SALIDA,89.19999694824219,47.86821705426357,20.0,11.11111111111111,0,42.92506459948321,44.271844660194176,False,True,False,False,True,['Fuerza relativa rompiendo: RS-line bajo su SMA50 durante 5 sesiones seguidas'],['No extendida (2% sobre SMA50)'],"['Precio por debajo de SMA150 o SMA200', 'Medias móviles no alineadas alcistas', 'Fuerza relativa insuficiente (RS 44)', 'Sin breakout reciente sobre resistencia']",['Margen bruto en expansión los últimos 4 trimestres'],0.024814784991105353,100.6612319946289,77.14181518554688
RCL,Consumer Cyclical,XLY,SALIDA,287.0799865722656,58.139534883720934,-20.0,22.22222222222222,0,42.81136950904393,36.310679611650485,False,True,False,False,True,"['Fuerza relativa rompiendo: RS-line bajo su SMA50 durante 5 sesiones seguidas', 'Fuerza relativa rompiendo: RS-line bajo su SMA50 durante 5 sesiones seguidas']",['No extendida (4% sobre SMA50)'],"['Precio por debajo de SMA150 o SMA200', 'Medias móviles no alineadas alcistas', 'SMA200 sin pendiente alcista', 'Fuerza relativa insuficiente (RS 36)', 'Sin breakout reciente sobre resistencia']",['Margen bruto en contracción'],0.03758772090232344,361.55511474609375,222.32095336914062
CSGP,Real Estate,XLRE,SALIDA,34.06999969482422,7.170542635658915,40.0,61.111111111111114,0,42.645994832041346,0.1941747572815534,False,True,False,False,True,"['Stop ATR roto: cierre 34.07 < trailing stop 36.06', 'Fuerza relativa rompiendo: RS-line bajo su SMA50 durante 5 sesiones seguidas', 'Fuerza relativa rompiendo: RS-line bajo su SMA50 durante 5 sesiones seguidas']",['No extendida (-17% sobre SMA50)'],"['Precio por debajo de SMA150 o SMA200', 'Medias móviles no alineadas alcistas', 'SMA200 sin pendiente alcista', 'Lejos del máximo de 52 semanas', 'Fuerza relativa insuficiente (RS 0)', 'Sin breakout reciente sobre resistencia']","['Revisiones de analistas al alza', 'Beat consistente últimos 2 trimestres']",-0.16547052668572057,96.83000183105469,34.06999969482422
CCI,Real Estate,XLRE,SALIDA,90.23999786376953,15.891472868217054,20.0,61.111111111111114,0,42.6343669250646,33.78640776699029,False,True,True,False,True,"['Fuerza relativa rompiendo: RS-line bajo su SMA50 durante 5 sesiones seguidas', 'Fuerza relativa rompiendo: RS-line bajo su SMA50 durante 5 sesiones seguidas']",['No extendida (5% sobre SMA50)'],"['Medias móviles no alineadas alcistas', 'SMA200 sin pendiente alcista', 'Fuerza relativa insuficiente (RS 34)', 'Breakout sin confirmación de volumen']",['Beat consistente últimos 2 trimestres'],0.0524011960224261,109.94998931884766,76.95999908447266
AEP,Utilities,XLU,SALIDA,132.55999755859375,40.116279069767444,-20.0,50.0,0,42.54651162790698,70.29126213592232,True,True,False,False,True,"['Cierre por debajo de SMA50 (132.56 < 132.84) con volumen 1.3x', 'Fuerza relativa rompiendo: RS-line bajo su SMA50 durante 5 sesiones seguidas', 'Fuerza relativa rompiendo: RS-line bajo su SMA50 durante 5 sesiones seguidas']","['Patrón de tendencia alcista (Stage 2)', 'No extendida (-0% sobre SMA50)']","['Fuerza relativa insuficiente (RS 70)', 'Sin breakout reciente sobre resistencia']",['Margen bruto en contracción'],-0.002088287248112443,137.14999389648438,96.25769805908203
NSC,Industrials,XLI,SALIDA,317.25,38.17829457364341,0.0,38.88888888888889,0,42.49354005167959,68.93203883495146,False,True,False,False,True,"['Fuerza relativa rompiendo: RS-line bajo su SMA50 durante 5 sesiones seguidas', 'Fuerza relativa rompiendo: RS-line bajo su SMA50 durante 5 sesiones seguidas']",['No extendida (6% sobre SMA50)'],"['Fuerza relativa insuficiente (RS 69)', 'Sin breakout reciente sobre resistencia']","['Beat consistente últimos 2 trimestres', 'Margen bruto en contracción']",0.05730757139870809,321.44000244140625,215.57469177246094
L,Financial Services,XLF,SALIDA,105.29000091552734,55.23255813953488,0.0,11.11111111111111,0,42.37080103359173,52.62135922330097,False,True,False,False,True,"['Cierre por debajo de SMA50 (105.29 < 108.98) con volumen 1.2x', 'Stop ATR roto: cierre 105.29 < trailing stop 106.80', 'Fuerza relativa rompiendo: RS-line bajo su SMA50 durante 5 sesiones seguidas', 'Fuerza relativa rompiendo: RS-line bajo su SMA50 durante 5 sesiones seguidas']",['No extendida (-3% sobre SMA50)'],"['Precio por debajo de SMA150 o SMA200', 'Fuerza relativa insuficiente (RS 53)', 'Sin breakout reciente sobre resistencia']",[],-0.03389310139882831,112.61000061035156,86.56118774414062
YUM,Consumer Cyclical,XLY,SALIDA,156.02000427246094,56.78294573643411,-20.0,22.22222222222222,0,42.2687338501292,51.45631067961165,False,True,False,True,True,"['Cierre por debajo de SMA50 (156.02 < 159.19) con volumen 1.4x', 'Fuerza relativa rompiendo: RS-line bajo su SMA50 durante 5 sesiones seguidas', 'Fuerza relativa rompiendo: RS-line bajo su SMA50 durante 5 sesiones seguidas']",['No extendida (-2% sobre SMA50)'],"['Fuerza relativa insuficiente (RS 51)', 'Sin breakout reciente sobre resistencia']",['Margen bruto en contracción'],-0.019910817324701142,168.16000366210938,136.41392517089844
NKE,Consumer Cyclical,XLY,SALIDA,43.880001068115234,39.14728682170542,20.0,22.22222222222222,0,42.21447028423773,4.077669902912621,False,True,False,False,True,"['Fuerza relativa rompiendo: RS-line bajo su SMA50 durante 5 sesiones seguidas', 'Fuerza relativa rompiendo: RS-line bajo su SMA50 durante 5 sesiones seguidas']",['No extendida (-12% sobre SMA50)'],"['Precio por debajo de SMA150 o SMA200', 'Medias móviles no alineadas alcistas', 'SMA200 sin pendiente alcista', 'Lejos del máximo de 52 semanas', 'Fuerza relativa insuficiente (RS 4)', 'Sin breakout reciente sobre resistencia']",['Beat consistente últimos 2 trimestres'],-0.12435451620016456,77.81375122070312,42.619998931884766
SYK,Healthcare,XLV,SALIDA,292.3299865722656,57.55813953488372,0.0,5.555555555555555,0,41.912144702842376,10.87378640776699,False,True,False,True,True,"['Cierre por debajo de SMA50 (292.33 < 339.13) con volumen 1.4x', 'Stop ATR roto: cierre 292.33 < trailing stop 327.19', 'Fuerza relativa rompiendo: RS-line bajo su SMA50 durante 5 sesiones seguidas', 'Fuerza relativa rompiendo: RS-line bajo su SMA50 durante 5 sesiones seguidas']",['No extendida (-14% sobre SMA50)'],"['Precio por debajo de SMA150 o SMA200', 'Medias móviles no alineadas alcistas', 'SMA200 sin pendiente alcista', 'Lejos del máximo de 52 semanas', 'Fuerza relativa insuficiente (RS 11)', 'Sin breakout reciente sobre resistencia']",[],-0.13801149807889976,400.529296875,290.8800048828125
RTX,Industrials,XLI,SALIDA,176.74000549316406,27.906976744186046,20.0,38.88888888888889,0,41.88501291989664,53.592233009708735,False,True,False,False,True,"['Stop ATR roto: cierre 176.74 < trailing stop 190.90', 'Fuerza relativa rompiendo: RS-line bajo su SMA50 durante 5 sesiones seguidas', 'Fuerza relativa rompiendo: RS-line bajo su SMA50 durante 5 sesiones seguidas']",['No extendida (-9% sobre SMA50)'],"['Precio por debajo de SMA150 o SMA200', 'Fuerza relativa insuficiente (RS 54)', 'Sin breakout reciente sobre resistencia']",['Beat consistente últimos 2 trimestres'],-0.09167435594270244,212.16000366210938,125.38343811035156
LII,Industrials,XLI,SALIDA,541.3699951171875,45.348837209302324,-20.0,38.88888888888889,0,41.86175710594315,37.28155339805825,False,True,True,False,True,['Fuerza relativa rompiendo: RS-line bajo su SMA50 durante 5 sesiones seguidas'],['No extendida (9% sobre SMA50)'],"['Medias móviles no alineadas alcistas', 'SMA200 sin pendiente alcista', 'Fuerza relativa insuficiente (RS 37)', 'Breakout sin confirmación de volumen']",['Margen bruto en contracción'],0.08964671165979816,659.200439453125,436.587890625
HCA,Healthcare,XLV,SALIDA,429.45001220703125,48.643410852713174,20.0,5.555555555555555,0,41.84625322997415,41.55339805825243,False,True,False,False,True,"['Stop ATR roto: cierre 429.45 < trailing stop 469.72', 'Fuerza relativa rompiendo: RS-line bajo su SMA50 durante 5 sesiones seguidas', 'Fuerza relativa rompiendo: RS-line bajo su SMA50 durante 5 sesiones seguidas']",['No extendida (-12% sobre SMA50)'],"['Precio por debajo de SMA150 o SMA200', 'Fuerza relativa insuficiente (RS 42)', 'Sin breakout reciente sobre resistencia']",['Margen bruto en expansión los últimos 4 trimestres'],-0.12433273470613065,544.3203735351562,332.732421875
VTRS,Healthcare,XLV,SALIDA,15.949999809265137,57.36434108527132,0.0,5.555555555555555,0,41.83462532299741,91.2621359223301,False,True,True,True,True,['Fuerza relativa rompiendo: RS-line bajo su SMA50 durante 5 sesiones seguidas'],"['No extendida (12% sobre SMA50)', 'Fuerza relativa alta (RS 91/100)', 'Breakout sobre pivot con volumen 2.1× lo normal']",[],"['Beat consistente últimos 2 trimestres', 'Margen bruto en contracción']",0.12499674553971654,15.993304252624512,8.034234046936035
TROW,Financial Services,XLF,SALIDA,106.12999725341797,44.96124031007752,20.0,11.11111111111111,0,41.76227390180879,61.74757281553398,False,True,True,False,True,['Fuerza relativa rompiendo: RS-line bajo su SMA50 durante 5 sesiones seguidas'],"['No extendida (14% sobre SMA50)', 'Línea de fuerza relativa en máximos']","['Medias móviles no alineadas alcistas', 'Fuerza relativa insuficiente (RS 62)', 'Breakout sin confirmación de volumen']",['Margen bruto en expansión los últimos 4 trimestres'],0.13648060629836936,107.41034698486328,85.54199981689453
COR,Healthcare,XLV,SALIDA,252.74000549316406,65.89147286821705,-20.0,5.555555555555555,0,41.74547803617571,12.03883495145631,False,True,False,True,True,"['Cierre por debajo de SMA50 (252.74 < 328.42) con volumen 5.1x', 'Stop ATR roto: cierre 252.74 < trailing stop 299.00', 'Fuerza relativa rompiendo: RS-line bajo su SMA50 durante 5 sesiones seguidas', 'Fuerza relativa rompiendo: RS-line bajo su SMA50 durante 5 sesiones seguidas']",['No extendida (-23% sobre SMA50)'],"['Precio por debajo de SMA150 o SMA200', 'Medias móviles no alineadas alcistas', 'Lejos del máximo de 52 semanas', 'Fuerza relativa insuficiente (RS 12)', 'Sin breakout reciente sobre resistencia']",['Margen bruto en contracción'],-0.23043099215060345,374.1095275878906,252.74000549316406
AVY,Consumer Cyclical,XLY,SALIDA,166.67999267578125,46.51162790697674,0.0,22.22222222222222,0,41.66020671834626,26.407766990291265,False,True,False,False,True,"['Fuerza relativa rompiendo: RS-line bajo su SMA50 durante 5 sesiones seguidas', 'Fuerza relativa rompiendo: RS-line bajo su SMA50 durante 5 sesiones seguidas']",['No extendida (-3% sobre SMA50)'],"['Precio por debajo de SMA150 o SMA200', 'Medias móviles no alineadas alcistas', 'SMA200 sin pendiente alcista', 'Fuerza relativa insuficiente (RS 26)', 'Sin breakout reciente sobre resistencia']",[],-0.03032237194854396,196.47642517089844,155.85809326171875
OMC,Communication Services,XLC,SALIDA,76.91000366210938,43.02325581395349,0.0,27.77777777777778,0,41.65374677002584,56.89320388349515,False,True,False,False,True,"['Fuerza relativa rompiendo: RS-line bajo su SMA50 durante 5 sesiones seguidas', 'Fuerza relativa rompiendo: RS-line bajo su SMA50 durante 5 sesiones seguidas']",['No extendida (-1% sobre SMA50)'],"['Fuerza relativa insuficiente (RS 57)', 'Sin breakout reciente sobre resistencia']","['Revisiones de analistas al alza', 'Margen bruto en contracción']",-0.01335460132414279,84.95238494873047,66.60543823242188
AZO,Consumer Cyclical,XLY,SALIDA,3541.7900390625,46.31782945736434,0.0,22.22222222222222,0,41.582687338501295,26.601941747572816,False,True,False,False,True,"['Fuerza relativa rompiendo: RS-line bajo su SMA50 durante 5 sesiones seguidas', 'Fuerza relativa rompiendo: RS-line bajo su SMA50 durante 5 sesiones seguidas']",['No extendida (0% sobre SMA50)'],"['Precio por debajo de SMA150 o SMA200', 'Medias móviles no alineadas alcistas', 'SMA200 sin pendiente alcista', 'Fuerza relativa insuficiente (RS 27)', 'Sin breakout reciente sobre resistencia']",[],0.0027065193530874465,4354.5400390625,3244.919921875
A,Healthcare,XLV,SALIDA,117.69000244140625,47.480620155038764,20.0,5.555555555555555,0,41.38113695090439,26.796116504854368,False,True,False,False,True,"['Fuerza relativa rompiendo: RS-line bajo su SMA50 durante 5 sesiones seguidas', 'Fuerza relativa rompiendo: RS-line bajo su SMA50 durante 5 sesiones seguidas']",['No extendida (2% sobre SMA50)'],"['Precio por debajo de SMA150 o SMA200', 'Medias móviles no alineadas alcistas', 'SMA200 sin pendiente alcista', 'Fuerza relativa insuficiente (RS 27)', 'Sin breakout reciente sobre resistencia']",['Margen bruto en expansión los últimos 4 trimestres'],0.01684453081820717,156.5623016357422,104.3832015991211
CMG,Consumer Cyclical,XLY,SALIDA,32.7400016784668,54.263565891472865,-20.0,22.22222222222222,0,41.2609819121447,13.203883495145632,False,True,False,False,True,"['Stop ATR roto: cierre 32.74 < trailing stop 33.64', 'Fuerza relativa rompiendo: RS-line bajo su SMA50 durante 5 sesiones seguidas', 'Fuerza relativa rompiendo: RS-line bajo su SMA50 durante 5 sesiones seguidas']",['No extendida (-4% sobre SMA50)'],"['Precio por debajo de SMA150 o SMA200', 'Medias móviles no alineadas alcistas', 'SMA200 sin pendiente alcista', 'Lejos del máximo de 52 semanas', 'Fuerza relativa insuficiente (RS 13)', 'Sin breakout reciente sobre resistencia']",['Margen bruto en contracción'],-0.040147246548723044,58.2400016784668,29.809999465942383
SLB,Energy,XLE,SALIDA,55.15999984741211,33.13953488372093,-20.0,55.55555555555556,0,41.14470284237726,87.76699029126213,True,True,False,False,True,['Fuerza relativa rompiendo: RS-line bajo su SMA50 durante 5 sesiones seguidas'],"['Patrón de tendencia alcista (Stage 2)', 'No extendida (8% sobre SMA50)', 'Fuerza relativa alta (RS 88/100)']",['Sin breakout reciente sobre resistencia'],['Margen bruto en contracción'],0.07984933434909836,56.91999816894531,31.286869049072266
SPGI,Financial Services,XLF,SALIDA,423.57000732421875,52.13178294573644,0.0,11.11111111111111,0,41.13049095607236,16.310679611650485,False,True,False,False,True,"['Fuerza relativa rompiendo: RS-line bajo su SMA50 durante 5 sesiones seguidas', 'Fuerza relativa rompiendo: RS-line bajo su SMA50 durante 5 sesiones seguidas']",['No extendida (-2% sobre SMA50)'],"['Precio por debajo de SMA150 o SMA200', 'Medias móviles no alineadas alcistas', 'SMA200 sin pendiente alcista', 'Fuerza relativa insuficiente (RS 16)', 'Sin breakout reciente sobre resistencia']",[],-0.01705240611287919,560.7598266601562,389.8537902832031
WY,Real Estate,XLRE,SALIDA,24.040000915527344,3.2945736434108532,40.0,61.111111111111114,0,41.09560723514212,30.87378640776699,False,True,False,False,True,"['Fuerza relativa rompiendo: RS-line bajo su SMA50 durante 5 sesiones seguidas', 'Fuerza relativa rompiendo: RS-line bajo su SMA50 durante 5 sesiones seguidas']",['No extendida (-1% sobre SMA50)'],"['Precio por debajo de SMA150 o SMA200', 'Medias móviles no alineadas alcistas', 'SMA200 sin pendiente alcista', 'Fuerza relativa insuficiente (RS 31)', 'Sin breakout reciente sobre resistencia']","['Beat consistente últimos 2 trimestres', 'Margen bruto en expansión los últimos 4 trimestres']",-0.006570585593975699,26.867238998413086,20.96693992614746
EQIX,Real Estate,XLRE,SALIDA,1087.9599609375,20.73643410852713,0.0,61.111111111111114,0,41.07235142118863,86.01941747572816,True,True,False,False,True,['Fuerza relativa rompiendo: RS-line bajo su SMA50 durante 5 sesiones seguidas'],"['Patrón de tendencia alcista (Stage 2)', 'No extendida (7% sobre SMA50)', 'Fuerza relativa alta (RS 86/100)']",['Sin breakout reciente sobre resistencia'],[],0.07175059663434515,1115.2900390625,722.154052734375
SYY,Consumer Defensive,XLP,SALIDA,73.33000183105469,56.97674418604651,-20.0,16.666666666666664,0,40.957364341085274,29.708737864077673,False,True,False,False,True,"['Fuerza relativa rompiendo: RS-line bajo su SMA50 durante 5 sesiones seguidas', 'Fuerza relativa rompiendo: RS-line bajo su SMA50 durante 5 sesiones seguidas']",['No extendida (-7% sobre SMA50)'],"['Precio por debajo de SMA150 o SMA200', 'Medias móviles no alineadas alcistas', 'SMA200 sin pendiente alcista', 'Fuerza relativa insuficiente (RS 30)', 'Sin breakout reciente sobre resistencia']",['Margen bruto en contracción'],-0.06800696863792557,90.47791290283203,68.05327606201172
ETR,Utilities,XLU,SALIDA,112.95999908447266,36.04651162790697,-20.0,50.0,0,40.91860465116279,79.2233009708738,True,True,False,True,True,['Fuerza relativa rompiendo: RS-line bajo su SMA50 durante 5 sesiones seguidas'],"['Patrón de tendencia alcista (Stage 2)', 'No extendida (3% sobre SMA50)']","['Fuerza relativa insuficiente (RS 79)', 'Sin breakout reciente sobre resistencia']",['Margen bruto en contracción'],0.03161919806561315,117.36000061035156,78.50083923339844
STE,Healthcare,XLV,SALIDA,214.4600067138672,55.03875968992248,0.0,5.555555555555555,0,40.904392764857874,19.41747572815534,False,True,False,False,True,"['Fuerza relativa rompiendo: RS-line bajo su SMA50 durante 5 sesiones seguidas', 'Fuerza relativa rompiendo: RS-line bajo su SMA50 durante 5 sesiones seguidas']",['No extendida (-4% sobre SMA50)'],"['Precio por debajo de SMA150 o SMA200', 'Medias móviles no alineadas alcistas', 'SMA200 sin pendiente alcista', 'Fuerza relativa insuficiente (RS 19)', 'Sin breakout reciente sobre resistencia']",[],-0.04338956765835708,267.968505859375,212.25
VTR,Real Estate,XLRE,SALIDA,86.62000274658203,20.155038759689923,0.0,61.111111111111114,0,40.83979328165375,74.75728155339806,True,True,False,False,True,"['Fuerza relativa rompiendo: RS-line bajo su SMA50 durante 5 sesiones seguidas', 'Fuerza relativa rompiendo: RS-line bajo su SMA50 durante 5 sesiones seguidas']","['Patrón de tendencia alcista (Stage 2)', 'No extendida (2% sobre SMA50)']","['Fuerza relativa insuficiente (RS 75)', 'Sin breakout reciente sobre resistencia']","['Revisiones de analistas al alza', 'Margen bruto en contracción']",0.022996865616197217,88.0199966430664,60.7790641784668
MRSH,Financial Services,XLF,SALIDA,163.89999389648438,42.63565891472868,20.0,11.11111111111111,0,40.83204134366925,14.951456310679612,False,True,False,False,True,"['Stop ATR roto: cierre 163.90 < trailing stop 170.29', 'Fuerza relativa rompiendo: RS-line bajo su SMA50 durante 5 sesiones seguidas', 'Fuerza relativa rompiendo: RS-line bajo su SMA50 durante 5 sesiones seguidas']",['No extendida (-6% sobre SMA50)'],"['Precio por debajo de SMA150 o SMA200', 'Medias móviles no alineadas alcistas', 'SMA200 sin pendiente alcista', 'Lejos del máximo de 52 semanas', 'Fuerza relativa insuficiente (RS 15)', 'Sin breakout reciente sobre resistencia']",['Margen bruto en expansión los últimos 4 trimestres'],-0.058694991495291435,230.4452362060547,163.89999389648438
DAL,Industrials,XLI,SALIDA,73.33999633789062,42.44186046511628,-20.0,38.88888888888889,0,40.69896640826874,81.16504854368932,False,True,False,False,True,['Fuerza relativa rompiendo: RS-line bajo su SMA50 durante 5 sesiones seguidas'],"['No extendida (11% sobre SMA50)', 'Fuerza relativa alta (RS 81/100)']",['Sin breakout reciente sobre resistencia'],['Margen bruto en contracción'],0.1065070617962994,75.14582061767578,44.265926361083984
JNJ,Healthcare,XLV,SALIDA,224.6199951171875,63.17829457364341,-20.0,5.555555555555555,0,40.66020671834625,73.59223300970874,False,True,False,False,True,"['Stop ATR roto: cierre 224.62 < trailing stop 230.60', 'Fuerza relativa rompiendo: RS-line bajo su SMA50 durante 5 sesiones seguidas', 'Fuerza relativa rompiendo: RS-line bajo su SMA50 durante 5 sesiones seguidas']",['No extendida (-5% sobre SMA50)'],"['Fuerza relativa insuficiente (RS 74)', 'Sin breakout reciente sobre resistencia']",['Margen bruto en contracción'],-0.053466402549125915,248.55999755859375,142.39266967773438
PHM,Consumer Cyclical,XLY,SALIDA,120.0999984741211,61.240310077519375,-40.0,22.22222222222222,0,40.55167958656331,35.14563106796116,False,True,False,False,True,"['Stop ATR roto: cierre 120.10 < trailing stop 120.42', 'Fuerza relativa rompiendo: RS-line bajo su SMA50 durante 5 sesiones seguidas', 'Fuerza relativa rompiendo: RS-line bajo su SMA50 durante 5 sesiones seguidas']",['No extendida (-2% sobre SMA50)'],"['Precio por debajo de SMA150 o SMA200', 'Medias móviles no alineadas alcistas', 'Fuerza relativa insuficiente (RS 35)', 'Sin breakout reciente sobre resistencia']","['Revisiones de analistas a la baja', 'Margen bruto en contracción']",-0.021964856516366066,142.25660705566406,96.77552032470703
CAT,Industrials,XLI,SALIDA,926.9299926757812,23.837209302325583,20.0,38.88888888888889,0,40.25710594315245,95.33980582524272,True,True,True,False,True,['Fuerza relativa rompiendo: RS-line bajo su SMA50 durante 5 sesiones seguidas'],"['Patrón de tendencia alcista (Stage 2)', 'No extendida (22% sobre SMA50)', 'Fuerza relativa alta (RS 95/100)', 'Línea de fuerza relativa en máximos']",['Breakout sin confirmación de volumen'],"['Revisiones de analistas al alza', 'Beat consistente últimos 2 trimestres', 'Margen bruto en contracción']",0.22325841377516784,926.9299926757812,316.8607177734375
PNW,Utilities,XLU,SALIDA,100.16999816894531,25.387596899224807,0.0,50.0,0,40.15503875968992,58.83495145631068,False,True,False,False,True,"['Fuerza relativa rompiendo: RS-line bajo su SMA50 durante 5 sesiones seguidas', 'Fuerza relativa rompiendo: RS-line bajo su SMA50 durante 5 sesiones seguidas']",['No extendida (-1% sobre SMA50)'],"['Fuerza relativa insuficiente (RS 59)', 'Sin breakout reciente sobre resistencia']","['Beat consistente últimos 2 trimestres', 'Margen bruto en contracción']",-0.00546382463725102,103.53199768066406,83.42094421386719
NCLH,Consumer Cyclical,XLY,SALIDA,17.75,24.8062015503876,40.0,22.22222222222222,0,39.9780361757106,13.592233009708737,False,True,False,False,True,"['Cierre por debajo de SMA50 (17.75 < 19.81) con volumen 1.4x', 'Stop ATR roto: cierre 17.75 < trailing stop 19.05', 'Fuerza relativa rompiendo: RS-line bajo su SMA50 durante 5 sesiones seguidas', 'Fuerza relativa rompiendo: RS-line bajo su SMA50 durante 5 sesiones seguidas']",['No extendida (-10% sobre SMA50)'],"['Precio por debajo de SMA150 o SMA200', 'Medias móviles no alineadas alcistas', 'SMA200 sin pendiente alcista', 'Lejos del máximo de 52 semanas', 'Fuerza relativa insuficiente (RS 14)', 'Sin breakout reciente sobre resistencia']","['Beat consistente últimos 2 trimestres', 'Margen bruto en expansión los últimos 4 trimestres']",-0.10384312989942178,26.940000534057617,16.940000534057617
APTV,Consumer Cyclical,XLY,SALIDA,56.79999923706055,42.248062015503876,0.0,22.22222222222222,0,39.95478036175711,9.70873786407767,False,True,False,True,True,"['Cierre por debajo de SMA50 (56.80 < 65.43) con volumen 1.8x', 'Fuerza relativa rompiendo: RS-line bajo su SMA50 durante 5 sesiones seguidas', 'Fuerza relativa rompiendo: RS-line bajo su SMA50 durante 5 sesiones seguidas']",['No extendida (-13% sobre SMA50)'],"['Precio por debajo de SMA150 o SMA200', 'Medias móviles no alineadas alcistas', 'SMA200 sin pendiente alcista', 'Lejos del máximo de 52 semanas', 'Fuerza relativa insuficiente (RS 10)', 'Sin breakout reciente sobre resistencia']",[],-0.1318834264615664,88.66999816894531,54.83000183105469
LMT,Industrials,XLI,SALIDA,514.260009765625,23.06201550387597,20.0,38.88888888888889,0,39.94702842377261,43.10679611650485,False,True,False,False,True,"['Stop ATR roto: cierre 514.26 < trailing stop 590.07', 'Fuerza relativa rompiendo: RS-line bajo su SMA50 durante 5 sesiones seguidas', 'Fuerza relativa rompiendo: RS-line bajo su SMA50 durante 5 sesiones seguidas']",['No extendida (-15% sobre SMA50)'],"['Precio por debajo de SMA150 o SMA200', 'Fuerza relativa insuficiente (RS 43)', 'Sin breakout reciente sobre resistencia']",['Margen bruto en expansión los últimos 4 trimestres'],-0.15126124331029536,676.7000122070312,402.5709533691406
WMB,Energy,XLE,SALIDA,73.76000213623047,12.5968992248062,20.0,55.55555555555556,0,39.92764857881137,74.9514563106796,True,True,False,False,True,"['Fuerza relativa rompiendo: RS-line bajo su SMA50 durante 5 sesiones seguidas', 'Fuerza relativa rompiendo: RS-line bajo su SMA50 durante 5 sesiones seguidas']","['Patrón de tendencia alcista (Stage 2)', 'No extendida (1% sobre SMA50)']","['Fuerza relativa insuficiente (RS 75)', 'Sin breakout reciente sobre resistencia']",['Margen bruto en expansión los últimos 4 trimestres'],0.007640234901040772,76.30999755859375,55.18678283691406
XOM,Energy,XLE,SALIDA,148.69000244140625,30.03875968992248,-20.0,55.55555555555556,0,39.90439276485788,80.0,True,True,False,False,True,"['Stop ATR roto: cierre 148.69 < trailing stop 152.35', 'Fuerza relativa rompiendo: RS-line bajo su SMA50 durante 5 sesiones seguidas', 'Fuerza relativa rompiendo: RS-line bajo su SMA50 durante 5 sesiones seguidas']","['Patrón de tendencia alcista (Stage 2)', 'No extendida (-4% sobre SMA50)', 'Fuerza relativa alta (RS 80/100)']",['Sin breakout reciente sobre resistencia'],['Margen bruto en contracción'],-0.040844561786426835,171.47000122070312,99.35414123535156
GNRC,Industrials,XLI,SALIDA,267.4200134277344,40.310077519379846,-20.0,38.88888888888889,0,39.84625322997416,93.7864077669903,True,True,True,False,True,['Fuerza relativa rompiendo: RS-line bajo su SMA50 durante 5 sesiones seguidas'],"['Patrón de tendencia alcista (Stage 2)', 'No extendida (24% sobre SMA50)', 'Fuerza relativa alta (RS 94/100)', 'Línea de fuerza relativa en máximos']",['Breakout sin confirmación de volumen'],['Margen bruto en contracción'],0.24457696484232935,267.4200134277344,113.75
ABT,Healthcare,XLV,SALIDA,86.30000305175781,52.32558139534884,0.0,5.555555555555555,0,39.81912144702842,6.019417475728155,False,True,False,False,True,"['Stop ATR roto: cierre 86.30 < trailing stop 96.22', 'Fuerza relativa rompiendo: RS-line bajo su SMA50 durante 5 sesiones seguidas', 'Fuerza relativa rompiendo: RS-line bajo su SMA50 durante 5 sesiones seguidas']",['No extendida (-15% sobre SMA50)'],"['Precio por debajo de SMA150 o SMA200', 'Medias móviles no alineadas alcistas', 'SMA200 sin pendiente alcista', 'Lejos del máximo de 52 semanas', 'Fuerza relativa insuficiente (RS 6)', 'Sin breakout reciente sobre resistencia']",[],-0.15378325744947174,135.31573486328125,86.30000305175781
ORLY,Consumer Cyclical,XLY,SALIDA,94.77999877929688,41.86046511627907,0.0,22.22222222222222,0,39.799741602067186,34.56310679611651,False,True,False,False,True,['Fuerza relativa rompiendo: RS-line bajo su SMA50 durante 5 sesiones seguidas'],['No extendida (2% sobre SMA50)'],"['Precio por debajo de SMA150 o SMA200', 'Medias móviles no alineadas alcistas', 'Fuerza relativa insuficiente (RS 35)', 'Sin breakout reciente sobre resistencia']",[],0.02321944866374185,107.81999969482422,87.30000305175781
TECH,Healthcare,XLV,SALIDA,47.40999984741211,60.46511627906976,-20.0,5.555555555555555,0,39.57493540051679,10.485436893203884,False,True,False,True,True,"['Cierre por debajo de SMA50 (47.41 < 54.53) con volumen 5.1x', 'Stop ATR roto: cierre 47.41 < trailing stop 53.50', 'Fuerza relativa rompiendo: RS-line bajo su SMA50 durante 5 sesiones seguidas', 'Fuerza relativa rompiendo: RS-line bajo su SMA50 durante 5 sesiones seguidas']",['No extendida (-13% sobre SMA50)'],"['Precio por debajo de SMA150 o SMA200', 'Medias móviles no alineadas alcistas', 'Lejos del máximo de 52 semanas', 'Fuerza relativa insuficiente (RS 10)', 'Sin breakout reciente sobre resistencia']",['Margen bruto en contracción'],-0.1305607649050683,71.28408813476562,46.4650764465332
IP,Consumer Cyclical,XLY,SALIDA,33.52000045776367,32.17054263565892,20.0,22.22222222222222,0,39.423772609819125,10.29126213592233,False,True,False,False,True,"['Cierre por debajo de SMA50 (33.52 < 36.42) con volumen 1.3x', 'Stop ATR roto: cierre 33.52 < trailing stop 33.62', 'Fuerza relativa rompiendo: RS-line bajo su SMA50 durante 5 sesiones seguidas', 'Fuerza relativa rompiendo: RS-line bajo su SMA50 durante 5 sesiones seguidas']",['No extendida (-8% sobre SMA50)'],"['Precio por debajo de SMA150 o SMA200', 'Medias móviles no alineadas alcistas', 'SMA200 sin pendiente alcista', 'Lejos del máximo de 52 semanas', 'Fuerza relativa insuficiente (RS 10)', 'Sin breakout reciente sobre resistencia']",['Margen bruto en expansión los últimos 4 trimestres'],-0.07960130253889149,53.92839050292969,30.420000076293945
LEN,Consumer Cyclical,XLY,SALIDA,90.54000091552734,67.05426356589147,-60.0,22.22222222222222,0,39.377260981912144,9.902912621359224,False,True,False,False,True,"['Fuerza relativa rompiendo: RS-line bajo su SMA50 durante 5 sesiones seguidas', 'Fuerza relativa rompiendo: RS-line bajo su SMA50 durante 5 sesiones seguidas']",['No extendida (-3% sobre SMA50)'],"['Precio por debajo de SMA150 o SMA200', 'Medias móviles no alineadas alcistas', 'SMA200 sin pendiente alcista', 'Lejos del máximo de 52 semanas', 'Fuerza relativa insuficiente (RS 10)', 'Sin breakout reciente sobre resistencia']","['Revisiones de analistas a la baja', 'Miss consistente últimos 2 trimestres', 'Margen bruto en contracción']",-0.032992996615018116,140.421630859375,84.36000061035156
DHR,Healthcare,XLV,SALIDA,174.9199981689453,50.968992248062015,0.0,5.555555555555555,0,39.27648578811369,14.757281553398057,False,True,False,False,True,"['Cierre por debajo de SMA50 (174.92 < 190.68) con volumen 1.4x', 'Stop ATR roto: cierre 174.92 < trailing stop 184.79', 'Fuerza relativa rompiendo: RS-line bajo su SMA50 durante 5 sesiones seguidas', 'Fuerza relativa rompiendo: RS-line bajo su SMA50 durante 5 sesiones seguidas']",['No extendida (-8% sobre SMA50)'],"['Precio por debajo de SMA150 o SMA200', 'Medias móviles no alineadas alcistas', 'SMA200 sin pendiente alcista', 'Lejos del máximo de 52 semanas', 'Fuerza relativa insuficiente (RS 15)', 'Sin breakout reciente sobre resistencia']",[],-0.08265894703835483,241.53514099121094,174.0399932861328
CB,Financial Services,XLF,SALIDA,321.8999938964844,47.286821705426355,0.0,11.11111111111111,0,39.192506459948326,57.28155339805825,False,True,False,False,True,"['Fuerza relativa rompiendo: RS-line bajo su SMA50 durante 5 sesiones seguidas', 'Fuerza relativa rompiendo: RS-line bajo su SMA50 durante 5 sesiones seguidas']",['No extendida (-2% sobre SMA50)'],"['Fuerza relativa insuficiente (RS 57)', 'Sin breakout reciente sobre resistencia']",[],-0.018953705855521488,341.75115966796875,265.20709228515625
GE,Industrials,XLI,SALIDA,305.8299865722656,20.54263565891473,20.0,38.88888888888889,0,38.93927648578811,62.33009708737865,False,True,False,True,True,"['Fuerza relativa rompiendo: RS-line bajo su SMA50 durante 5 sesiones seguidas', 'Fuerza relativa rompiendo: RS-line bajo su SMA50 durante 5 sesiones seguidas']",['No extendida (1% sobre SMA50)'],"['Medias móviles no alineadas alcistas', 'Fuerza relativa insuficiente (RS 62)', 'Sin breakout reciente sobre resistencia']","['Revisiones de analistas al alza', 'Beat consistente últimos 2 trimestres', 'Margen bruto en contracción']",0.010789777425505838,345.2370910644531,207.50169372558594
CMS,Utilities,XLU,SALIDA,74.05000305175781,22.093023255813954,0.0,50.0,0,38.83720930232558,46.601941747572816,False,True,False,False,True,"['Stop ATR roto: cierre 74.05 < trailing stop 76.04', 'Fuerza relativa rompiendo: RS-line bajo su SMA50 durante 5 sesiones seguidas', 'Fuerza relativa rompiendo: RS-line bajo su SMA50 durante 5 sesiones seguidas']",['No extendida (-4% sobre SMA50)'],"['Fuerza relativa insuficiente (RS 47)', 'Sin breakout reciente sobre resistencia']",[],-0.038219220924117246,79.94000244140625,67.05773162841797
KMI,Energy,XLE,SALIDA,31.579999923706055,18.6046511627907,0.0,55.55555555555556,0,38.830749354005164,67.18446601941747,False,True,False,False,True,"['Fuerza relativa rompiendo: RS-line bajo su SMA50 durante 5 sesiones seguidas', 'Fuerza relativa rompiendo: RS-line bajo su SMA50 durante 5 sesiones seguidas']",['No extendida (-3% sobre SMA50)'],"['Fuerza relativa insuficiente (RS 67)', 'Sin breakout reciente sobre resistencia']","['Beat consistente últimos 2 trimestres', 'Margen bruto en contracción']",-0.029761169291751943,33.75789260864258,25.09296989440918
J,Industrials,XLI,SALIDA,126.62000274658203,28.875968992248062,0.0,38.88888888888889,0,38.77260981912145,20.58252427184466,False,True,False,True,True,"['Cierre por debajo de SMA50 (126.62 < 129.84) con volumen 4.0x', 'Fuerza relativa rompiendo: RS-line bajo su SMA50 durante 5 sesiones seguidas', 'Fuerza relativa rompiendo: RS-line bajo su SMA50 durante 5 sesiones seguidas']",['No extendida (-2% sobre SMA50)'],"['Precio por debajo de SMA150 o SMA200', 'Medias móviles no alineadas alcistas', 'SMA200 sin pendiente alcista', 'Fuerza relativa insuficiente (RS 21)', 'Sin breakout reciente sobre resistencia']","['Revisiones de analistas al alza', 'Margen bruto en contracción']",-0.024832778904794944,163.61996459960938,116.96873474121094
D,Utilities,XLU,SALIDA,61.63999938964844,21.899224806201552,0.0,50.0,0,38.75968992248062,51.262135922330096,False,True,False,False,True,"['Fuerza relativa rompiendo: RS-line bajo su SMA50 durante 5 sesiones seguidas', 'Fuerza relativa rompiendo: RS-line bajo su SMA50 durante 5 sesiones seguidas']",['No extendida (-1% sobre SMA50)'],"['Fuerza relativa insuficiente (RS 51)', 'Sin breakout reciente sobre resistencia']","['Revisiones de analistas al alza', 'Margen bruto en contracción']",-0.012464897018043819,65.80867767333984,51.42781066894531
UBER,Technology,XLK,SALIDA,79.16999816894531,6.007751937984496,-20.0,88.88888888888889,0,38.62532299741602,28.155339805825243,False,True,True,True,True,['Fuerza relativa rompiendo: RS-line bajo su SMA50 durante 5 sesiones seguidas'],"['No extendida (7% sobre SMA50)', 'Breakout sobre pivot con volumen 2.1× lo normal']","['Precio por debajo de SMA150 o SMA200', 'Medias móviles no alineadas alcistas', 'SMA200 sin pendiente alcista', 'Fuerza relativa insuficiente (RS 28)']",['Miss consistente últimos 2 trimestres'],0.06725439049022221,100.0999984741211,69.18000030517578
PLD,Real Estate,XLRE,SALIDA,142.89999389648438,5.813953488372093,20.0,61.111111111111114,0,38.60335917312662,75.92233009708738,True,True,False,False,True,"['Fuerza relativa rompiendo: RS-line bajo su SMA50 durante 5 sesiones seguidas', 'Fuerza relativa rompiendo: RS-line bajo su SMA50 durante 5 sesiones seguidas']","['Patrón de tendencia alcista (Stage 2)', 'No extendida (5% sobre SMA50)']","['Fuerza relativa insuficiente (RS 76)', 'Sin breakout reciente sobre resistencia']",['Beat consistente últimos 2 trimestres'],0.04621604791814007,145.10000610351562,100.54691314697266
FDX,Industrials,XLI,SALIDA,377.19000244140625,28.100775193798448,0.0,38.88888888888889,0,38.4625322997416,88.3495145631068,True,True,False,False,True,['Fuerza relativa rompiendo: RS-line bajo su SMA50 durante 5 sesiones seguidas'],"['Patrón de tendencia alcista (Stage 2)', 'No extendida (2% sobre SMA50)', 'Fuerza relativa alta (RS 88/100)']",['Sin breakout reciente sobre resistencia'],"['Beat consistente últimos 2 trimestres', 'Margen bruto en contracción']",0.018750676614724487,403.30999755859375,208.77003479003906
POOL,Industrials,XLI,SALIDA,188.08999633789062,36.82170542635659,-20.0,38.88888888888889,0,38.450904392764855,2.7184466019417477,False,True,False,True,True,"['Cierre por debajo de SMA50 (188.09 < 212.17) con volumen 1.5x', 'Stop ATR roto: cierre 188.09 < trailing stop 225.00', 'Fuerza relativa rompiendo: RS-line bajo su SMA50 durante 5 sesiones seguidas', 'Fuerza relativa rompiendo: RS-line bajo su SMA50 durante 5 sesiones seguidas']",['No extendida (-11% sobre SMA50)'],"['Precio por debajo de SMA150 o SMA200', 'Medias móviles no alineadas alcistas', 'SMA200 sin pendiente alcista', 'Lejos del máximo de 52 semanas', 'Fuerza relativa insuficiente (RS 3)', 'Sin breakout reciente sobre resistencia']",['Margen bruto en contracción'],-0.11347516659358374,330.0123291015625,187.0399932861328
AMZN,Consumer Cyclical,XLY,SALIDA,274.989990234375,37.7906976744186,0.0,22.22222222222222,0,38.171834625323,79.41747572815534,True,True,True,False,True,['Fuerza relativa rompiendo: RS-line bajo su SMA50 durante 5 sesiones seguidas'],"['Patrón de tendencia alcista (Stage 2)', 'No extendida (20% sobre SMA50)']","['Fuerza relativa insuficiente (RS 79)', 'Breakout sin confirmación de volumen']",[],0.20222717649321223,274.989990234375,185.00999450683594
CMCSA,Communication Services,XLC,SALIDA,26.440000534057617,34.30232558139535,0.0,27.77777777777778,0,38.16537467700258,23.300970873786408,False,True,False,False,True,"['Stop ATR roto: cierre 26.44 < trailing stop 29.33', 'Fuerza relativa rompiendo: RS-line bajo su SMA50 durante 5 sesiones seguidas', 'Fuerza relativa rompiendo: RS-line bajo su SMA50 durante 5 sesiones seguidas']",['No extendida (-9% sobre SMA50)'],"['Precio por debajo de SMA150 o SMA200', 'Medias móviles no alineadas alcistas', 'SMA200 sin pendiente alcista', 'Fuerza relativa insuficiente (RS 23)', 'Sin breakout reciente sobre resistencia']","['Beat consistente últimos 2 trimestres', 'Margen bruto en contracción']",-0.08547578016032584,32.61896896362305,24.229419708251953
EG,Financial Services,XLF,SALIDA,351.8999938964844,44.57364341085272,0.0,11.11111111111111,0,38.10723514211887,53.786407766990294,False,True,False,False,True,['Fuerza relativa rompiendo: RS-line bajo su SMA50 durante 5 sesiones seguidas'],['No extendida (5% sobre SMA50)'],"['Medias móviles no alineadas alcistas', 'Fuerza relativa insuficiente (RS 54)', 'Sin breakout reciente sobre resistencia']",[],0.05396081382958867,362.5961608886719,303.0181579589844
GM,Consumer Cyclical,XLY,SALIDA,78.69999694824219,37.2093023255814,0.0,22.22222222222222,0,37.93927648578811,79.80582524271844,False,True,False,False,True,"['Fuerza relativa rompiendo: RS-line bajo su SMA50 durante 5 sesiones seguidas', 'Fuerza relativa rompiendo: RS-line bajo su SMA50 durante 5 sesiones seguidas']",['No extendida (3% sobre SMA50)'],"['Fuerza relativa insuficiente (RS 80)', 'Sin breakout reciente sobre resistencia']","['Beat consistente últimos 2 trimestres', 'Margen bruto en contracción']",0.030974623980265358,86.17594909667969,45.0021858215332
COO,Healthcare,XLV,SALIDA,61.119998931884766,56.007751937984494,-20.0,5.555555555555555,0,37.791989664082685,11.650485436893204,False,True,False,True,True,"['Cierre por debajo de SMA50 (61.12 < 71.04) con volumen 1.5x', 'Stop ATR roto: cierre 61.12 < trailing stop 67.35', 'Fuerza relativa rompiendo: RS-line bajo su SMA50 durante 5 sesiones seguidas', 'Fuerza relativa rompiendo: RS-line bajo su SMA50 durante 5 sesiones seguidas']",['No extendida (-14% sobre SMA50)'],"['Precio por debajo de SMA150 o SMA200', 'Medias móviles no alineadas alcistas', 'SMA200 sin pendiente alcista', 'Lejos del máximo de 52 semanas', 'Fuerza relativa insuficiente (RS 12)', 'Sin breakout reciente sobre resistencia']",['Margen bruto en contracción'],-0.13958635929775537,84.44000244140625,61.119998931884766
JBHT,Industrials,XLI,SALIDA,246.0500030517578,35.077519379844965,-20.0,38.88888888888889,0,37.753229974160206,89.51456310679612,True,True,False,False,True,['Fuerza relativa rompiendo: RS-line bajo su SMA50 durante 5 sesiones seguidas'],"['Patrón de tendencia alcista (Stage 2)', 'No extendida (9% sobre SMA50)', 'Fuerza relativa alta (RS 90/100)']",['Sin breakout reciente sobre resistencia'],['Margen bruto en contracción'],0.09431429399294375,253.7100067138672,129.4445037841797
TXT,Industrials,XLI,SALIDA,93.08999633789062,34.883720930232556,-20.0,38.88888888888889,0,37.67571059431525,66.99029126213593,False,True,False,False,True,"['Fuerza relativa rompiendo: RS-line bajo su SMA50 durante 5 sesiones seguidas', 'Fuerza relativa rompiendo: RS-line bajo su SMA50 durante 5 sesiones seguidas']",['No extendida (2% sobre SMA50)'],"['Fuerza relativa insuficiente (RS 67)', 'Sin breakout reciente sobre resistencia']",['Margen bruto en contracción'],0.015273771491637006,100.74797821044922,69.424072265625
CI,Healthcare,XLV,SALIDA,281.9800109863281,46.89922480620155,0.0,5.555555555555555,0,37.648578811369504,42.13592233009709,False,True,False,True,True,"['Fuerza relativa rompiendo: RS-line bajo su SMA50 durante 5 sesiones seguidas', 'Fuerza relativa rompiendo: RS-line bajo su SMA50 durante 5 sesiones seguidas']",['No extendida (3% sobre SMA50)'],"['Medias móviles no alineadas alcistas', 'SMA200 sin pendiente alcista', 'Fuerza relativa insuficiente (RS 42)', 'Sin breakout reciente sobre resistencia']",[],0.027969168644788104,329.0384826660156,241.7131805419922
TJX,Consumer Cyclical,XLY,SALIDA,155.4499969482422,27.71317829457364,20.0,22.22222222222222,0,37.640826873385016,62.13592233009708,False,True,False,True,True,"['Cierre por debajo de SMA50 (155.45 < 158.25) con volumen 1.7x', 'Stop ATR roto: cierre 155.45 < trailing stop 156.42', 'Fuerza relativa rompiendo: RS-line bajo su SMA50 durante 5 sesiones seguidas', 'Fuerza relativa rompiendo: RS-line bajo su SMA50 durante 5 sesiones seguidas']",['No extendida (-2% sobre SMA50)'],"['Fuerza relativa insuficiente (RS 62)', 'Sin breakout reciente sobre resistencia']",['Margen bruto en expansión los últimos 4 trimestres'],-0.017686093668466046,165.0,120.27711486816406
GEHC,Healthcare,XLV,SALIDA,61.73500061035156,55.62015503875969,-20.0,5.555555555555555,0,37.63695090439276,13.009708737864079,False,True,False,False,True,"['Cierre por debajo de SMA50 (61.74 < 71.70) con volumen 1.2x', 'Stop ATR roto: cierre 61.74 < trailing stop 69.02', 'Fuerza relativa rompiendo: RS-line bajo su SMA50 durante 5 sesiones seguidas', 'Fuerza relativa rompiendo: RS-line bajo su SMA50 durante 5 sesiones seguidas']",['No extendida (-14% sobre SMA50)'],"['Precio por debajo de SMA150 o SMA200', 'Medias móviles no alineadas alcistas', 'SMA200 sin pendiente alcista', 'Lejos del máximo de 52 semanas', 'Fuerza relativa insuficiente (RS 13)', 'Sin breakout reciente sobre resistencia']",['Margen bruto en contracción'],-0.13902839915633508,88.08214569091797,59.48500061035156
DHI,Consumer Cyclical,XLY,SALIDA,149.1699981689453,44.18604651162791,-20.0,22.22222222222222,0,37.229974160206716,41.16504854368932,False,True,False,False,True,"['Stop ATR roto: cierre 149.17 < trailing stop 150.81', 'Fuerza relativa rompiendo: RS-line bajo su SMA50 durante 5 sesiones seguidas', 'Fuerza relativa rompiendo: RS-line bajo su SMA50 durante 5 sesiones seguidas']",['No extendida (2% sobre SMA50)'],"['Precio por debajo de SMA150 o SMA200', 'Medias móviles no alineadas alcistas', 'Fuerza relativa insuficiente (RS 41)', 'Sin breakout reciente sobre resistencia']",['Margen bruto en contracción'],0.0189026586985991,182.95103454589844,115.89667510986328
EXPD,Industrials,XLI,SALIDA,151.24000549316406,33.72093023255814,-20.0,38.88888888888889,0,37.21059431524548,67.37864077669903,False,True,False,False,True,"['Fuerza relativa rompiendo: RS-line bajo su SMA50 durante 5 sesiones seguidas', 'Fuerza relativa rompiendo: RS-line bajo su SMA50 durante 5 sesiones seguidas']",['No extendida (4% sobre SMA50)'],"['Fuerza relativa insuficiente (RS 67)', 'Sin breakout reciente sobre resistencia']",['Margen bruto en contracción'],0.04051289260567507,165.0399932861328,104.90198516845703
WEC,Utilities,XLU,SALIDA,113.94000244140625,26.356589147286826,-20.0,50.0,0,37.04263565891473,48.737864077669904,False,True,False,False,True,"['Fuerza relativa rompiendo: RS-line bajo su SMA50 durante 5 sesiones seguidas', 'Fuerza relativa rompiendo: RS-line bajo su SMA50 durante 5 sesiones seguidas']",['No extendida (-1% sobre SMA50)'],"['Fuerza relativa insuficiente (RS 49)', 'Sin breakout reciente sobre resistencia']",['Margen bruto en contracción'],-0.01469566500120249,118.77999877929688,99.75834655761719
DG,Consumer Defensive,XLP,SALIDA,116.37000274658203,38.372093023255815,0.0,16.666666666666664,0,37.01550387596899,41.94174757281554,False,True,False,False,True,"['Fuerza relativa rompiendo: RS-line bajo su SMA50 durante 5 sesiones seguidas', 'Fuerza relativa rompiendo: RS-line bajo su SMA50 durante 5 sesiones seguidas']",['No extendida (-9% sobre SMA50)'],"['Precio por debajo de SMA150 o SMA200', 'Lejos del máximo de 52 semanas', 'Fuerza relativa insuficiente (RS 42)', 'Sin breakout reciente sobre resistencia']","['Beat consistente últimos 2 trimestres', 'Margen bruto en contracción']",-0.08682393366193286,155.5026092529297,85.12147521972656
DIS,Communication Services,XLC,SALIDA,108.05999755859375,39.922480620155035,-20.0,27.77777777777778,0,36.91343669250646,41.359223300970875,False,True,True,True,True,"['Fuerza relativa rompiendo: RS-line bajo su SMA50 durante 5 sesiones seguidas', 'Fuerza relativa rompiendo: RS-line bajo su SMA50 durante 5 sesiones seguidas']","['No extendida (7% sobre SMA50)', 'Breakout sobre pivot con volumen 2.3× lo normal']","['Precio por debajo de SMA150 o SMA200', 'Medias móviles no alineadas alcistas', 'SMA200 sin pendiente alcista', 'Fuerza relativa insuficiente (RS 41)']",['Margen bruto en contracción'],0.07140092391812712,123.17660522460938,91.16182708740234
DPZ,Consumer Cyclical,XLY,SALIDA,324.6600036621094,34.10852713178294,0.0,22.22222222222222,0,36.69896640826873,8.349514563106796,False,True,False,False,True,"['Stop ATR roto: cierre 324.66 < trailing stop 351.68', 'Fuerza relativa rompiendo: RS-line bajo su SMA50 durante 5 sesiones seguidas', 'Fuerza relativa rompiendo: RS-line bajo su SMA50 durante 5 sesiones seguidas']",['No extendida (-13% sobre SMA50)'],"['Precio por debajo de SMA150 o SMA200', 'Medias móviles no alineadas alcistas', 'SMA200 sin pendiente alcista', 'Lejos del máximo de 52 semanas', 'Fuerza relativa insuficiente (RS 8)', 'Sin breakout reciente sobre resistencia']",[],-0.12719858813307705,489.23211669921875,324.6600036621094
TSCO,Consumer Cyclical,XLY,SALIDA,32.529998779296875,50.775193798449614,-40.0,22.22222222222222,0,36.3656330749354,1.1650485436893203,False,True,False,True,True,"['Cierre por debajo de SMA50 (32.53 < 44.35) con volumen 2.0x', 'Stop ATR roto: cierre 32.53 < trailing stop 41.49', 'Fuerza relativa rompiendo: RS-line bajo su SMA50 durante 5 sesiones seguidas', 'Fuerza relativa rompiendo: RS-line bajo su SMA50 durante 5 sesiones seguidas']",['No extendida (-27% sobre SMA50)'],"['Precio por debajo de SMA150 o SMA200', 'Medias móviles no alineadas alcistas', 'SMA200 sin pendiente alcista', 'Lejos del máximo de 52 semanas', 'Fuerza relativa insuficiente (RS 1)', 'Sin breakout reciente sobre resistencia']","['Miss consistente últimos 2 trimestres', 'Margen bruto en contracción']",-0.2665097540934837,62.099910736083984,32.310001373291016
XEL,Utilities,XLU,SALIDA,80.55000305175781,24.612403100775193,-20.0,50.0,0,36.34496124031008,56.116504854368934,False,True,False,True,True,"['Fuerza relativa rompiendo: RS-line bajo su SMA50 durante 5 sesiones seguidas', 'Fuerza relativa rompiendo: RS-line bajo su SMA50 durante 5 sesiones seguidas']",['No extendida (0% sobre SMA50)'],"['Fuerza relativa insuficiente (RS 56)', 'Sin breakout reciente sobre resistencia']",['Margen bruto en contracción'],0.0008877008426830436,83.2943344116211,64.1666259765625
SBAC,Real Estate,XLRE,SALIDA,218.44000244140625,8.914728682170542,0.0,61.111111111111114,0,36.343669250645995,57.66990291262136,False,True,False,False,True,['Fuerza relativa rompiendo: RS-line bajo su SMA50 durante 5 sesiones seguidas'],['No extendida (9% sobre SMA50)'],"['Medias móviles no alineadas alcistas', 'SMA200 sin pendiente alcista', 'Fuerza relativa insuficiente (RS 58)', 'Sin breakout reciente sobre resistencia']",[],0.09409862624784131,237.5265655517578,165.14999389648438
IVZ,Financial Services,XLF,SALIDA,27.350000381469727,31.3953488372093,20.0,11.11111111111111,0,36.3359173126615,83.88349514563107,False,True,True,False,True,['Fuerza relativa rompiendo: RS-line bajo su SMA50 durante 5 sesiones seguidas'],"['No extendida (11% sobre SMA50)', 'Fuerza relativa alta (RS 84/100)']","['Medias móviles no alineadas alcistas', 'Breakout sin confirmación de volumen']",['Margen bruto en expansión los últimos 4 trimestres'],0.11149946652311846,29.204301834106445,13.621953010559082
CNP,Utilities,XLU,SALIDA,42.33000183105469,22.868217054263564,-20.0,50.0,0,35.64728682170543,56.699029126213595,False,True,False,True,True,"['Cierre por debajo de SMA50 (42.33 < 43.09) con volumen 1.5x', 'Fuerza relativa rompiendo: RS-line bajo su SMA50 durante 5 sesiones seguidas', 'Fuerza relativa rompiendo: RS-line bajo su SMA50 durante 5 sesiones seguidas']",['No extendida (-2% sobre SMA50)'],"['Fuerza relativa insuficiente (RS 57)', 'Sin breakout reciente sobre resistencia']",['Margen bruto en contracción'],-0.01774687901832464,44.13999938964844,34.96755599975586
BEN,Financial Services,XLF,SALIDA,31.15999984741211,29.651162790697676,20.0,11.11111111111111,0,35.63824289405685,84.85436893203884,True,True,True,False,True,['Fuerza relativa rompiendo: RS-line bajo su SMA50 durante 5 sesiones seguidas'],"['Patrón de tendencia alcista (Stage 2)', 'No extendida (21% sobre SMA50)', 'Fuerza relativa alta (RS 85/100)', 'Línea de fuerza relativa en máximos']",['Breakout sin confirmación de volumen'],['Beat consistente últimos 2 trimestres'],0.20811620955760177,31.15999984741211,18.983673095703125
CEG,Utilities,XLU,SALIDA,322.7799987792969,5.232558139534884,20.0,50.0,0,35.593023255813954,66.01941747572816,False,True,True,False,True,['Fuerza relativa rompiendo: RS-line bajo su SMA50 durante 5 sesiones seguidas'],['No extendida (7% sobre SMA50)'],"['Precio por debajo de SMA150 o SMA200', 'Medias móviles no alineadas alcistas', 'SMA200 sin pendiente alcista', 'Fuerza relativa insuficiente (RS 66)', 'Breakout sin confirmación de volumen']",['Margen bruto en expansión los últimos 4 trimestres'],0.06679986466373432,402.947021484375,246.72935485839844
IRM,Real Estate,XLRE,SALIDA,132.05999755859375,6.5891472868217065,0.0,61.111111111111114,0,35.413436692506465,88.15533980582524,True,True,True,False,True,['Fuerza relativa rompiendo: RS-line bajo su SMA50 durante 5 sesiones seguidas'],"['Patrón de tendencia alcista (Stage 2)', 'No extendida (20% sobre SMA50)', 'Fuerza relativa alta (RS 88/100)']",['Breakout sin confirmación de volumen'],"['Revisiones de analistas al alza', 'Margen bruto en contracción']",0.19904747128141825,132.05999755859375,78.2222671508789
PSX,Energy,XLE,SALIDA,171.72000122070312,9.30232558139535,0.0,55.55555555555556,0,35.10981912144703,85.04854368932038,True,True,False,False,True,['Fuerza relativa rompiendo: RS-line bajo su SMA50 durante 5 sesiones seguidas'],"['Patrón de tendencia alcista (Stage 2)', 'No extendida (2% sobre SMA50)', 'Fuerza relativa alta (RS 85/100)']",['Sin breakout reciente sobre resistencia'],"['Beat consistente últimos 2 trimestres', 'Margen bruto en contracción']",0.01597805456591946,188.27999877929688,101.65715789794922
CCEP,Consumer Defensive,XLP,SALIDA,95.0999984741211,33.52713178294574,0.0,16.666666666666664,0,35.07751937984496,47.18446601941748,False,True,False,False,True,"['Fuerza relativa rompiendo: RS-line bajo su SMA50 durante 5 sesiones seguidas', 'Fuerza relativa rompiendo: RS-line bajo su SMA50 durante 5 sesiones seguidas']",['No extendida (-2% sobre SMA50)'],"['Fuerza relativa insuficiente (RS 47)', 'Sin breakout reciente sobre resistencia']",[],-0.02403883298738591,110.43000030517578,84.39453887939453
ETN,Industrials,XLI,SALIDA,421.3900146484375,28.294573643410853,-20.0,38.88888888888889,0,35.04005167958656,74.5631067961165,True,True,False,False,True,['Fuerza relativa rompiendo: RS-line bajo su SMA50 durante 5 sesiones seguidas'],"['Patrón de tendencia alcista (Stage 2)', 'No extendida (10% sobre SMA50)']","['Fuerza relativa insuficiente (RS 75)', 'Sin breakout reciente sobre resistencia']",['Margen bruto en contracción'],0.10388031986907743,433.010009765625,295.5044860839844
TSN,Consumer Defensive,XLP,SALIDA,68.08999633789062,33.33333333333333,0.0,16.666666666666664,0,35.0,73.7864077669903,True,True,True,False,True,['Fuerza relativa rompiendo: RS-line bajo su SMA50 durante 5 sesiones seguidas'],"['Patrón de tendencia alcista (Stage 2)', 'No extendida (7% sobre SMA50)']","['Fuerza relativa insuficiente (RS 74)', 'Breakout sin confirmación de volumen']",[],0.07491804788887717,68.75,49.871315002441406
VMC,Basic Materials,XLB,SALIDA,295.7200012207031,31.007751937984494,-20.0,33.33333333333333,0,34.736434108527135,40.58252427184466,False,True,False,False,True,['Fuerza relativa rompiendo: RS-line bajo su SMA50 durante 5 sesiones seguidas'],['No extendida (4% sobre SMA50)'],"['Medias móviles no alineadas alcistas', 'Fuerza relativa insuficiente (RS 41)', 'Sin breakout reciente sobre resistencia']",['Margen bruto en contracción'],0.043100927980249684,329.7452697753906,253.30447387695312
CASY,Consumer Cyclical,XLY,SALIDA,858.1400146484375,11.627906976744185,40.0,22.22222222222222,0,34.70671834625323,92.42718446601941,True,True,True,False,True,['Fuerza relativa rompiendo: RS-line bajo su SMA50 durante 5 sesiones seguidas'],"['Patrón de tendencia alcista (Stage 2)', 'No extendida (17% sobre SMA50)', 'Fuerza relativa alta (RS 92/100)']",['Breakout sin confirmación de volumen'],"['Beat consistente últimos 2 trimestres', 'Margen bruto en expansión los últimos 4 trimestres']",0.17444451930237462,862.3499755859375,429.2160339355469
SRE,Utilities,XLU,SALIDA,93.66999816894531,2.9069767441860463,20.0,50.0,0,34.66279069767442,64.85436893203882,True,True,False,False,True,"['Cierre por debajo de SMA50 (93.67 < 94.87) con volumen 1.2x', 'Stop ATR roto: cierre 93.67 < trailing stop 95.51', 'Fuerza relativa rompiendo: RS-line bajo su SMA50 durante 5 sesiones seguidas', 'Fuerza relativa rompiendo: RS-line bajo su SMA50 durante 5 sesiones seguidas']","['Patrón de tendencia alcista (Stage 2)', 'No extendida (-1% sobre SMA50)']","['Fuerza relativa insuficiente (RS 65)', 'Sin breakout reciente sobre resistencia']",['Beat consistente últimos 2 trimestres'],-0.012611817070494887,99.75,71.59629821777344
MLM,Basic Materials,XLB,SALIDA,615.47998046875,30.620155038759687,-20.0,33.33333333333333,0,34.581395348837205,35.53398058252427,False,True,False,False,True,"['Fuerza relativa rompiendo: RS-line bajo su SMA50 durante 5 sesiones seguidas', 'Fuerza relativa rompiendo: RS-line bajo su SMA50 durante 5 sesiones seguidas']",['No extendida (1% sobre SMA50)'],"['Precio por debajo de SMA150 o SMA200', 'Medias móviles no alineadas alcistas', 'Fuerza relativa insuficiente (RS 36)', 'Sin breakout reciente sobre resistencia']",['Margen bruto en contracción'],0.008130749088350691,707.2412719726562,531.6075439453125
LHX,Industrials,XLI,SALIDA,302.20001220703125,18.217054263565892,0.0,38.88888888888889,0,34.50904392764858,53.398058252427184,False,True,False,True,True,"['Cierre por debajo de SMA50 (302.20 < 348.12) con volumen 1.5x', 'Stop ATR roto: cierre 302.20 < trailing stop 337.93', 'Fuerza relativa rompiendo: RS-line bajo su SMA50 durante 5 sesiones seguidas', 'Fuerza relativa rompiendo: RS-line bajo su SMA50 durante 5 sesiones seguidas']",['No extendida (-13% sobre SMA50)'],"['Precio por debajo de SMA150 o SMA200', 'Fuerza relativa insuficiente (RS 53)', 'Sin breakout reciente sobre resistencia']","['Revisiones de analistas al alza', 'Margen bruto en contracción']",-0.13191132705580993,377.16619873046875,212.54896545410156
CVNA,Consumer Cyclical,XLY,SALIDA,389.3800048828125,19.767441860465116,20.0,22.22222222222222,0,34.4625322997416,67.57281553398057,False,True,False,False,True,['Fuerza relativa rompiendo: RS-line bajo su SMA50 durante 5 sesiones seguidas'],['No extendida (14% sobre SMA50)'],"['Medias móviles no alineadas alcistas', 'Fuerza relativa insuficiente (RS 68)', 'Sin breakout reciente sobre resistencia']","['Revisiones de analistas al alza', 'Beat consistente últimos 2 trimestres', 'Margen bruto en contracción']",0.1406098021414676,478.45001220703125,258.80999755859375
DRI,Consumer Cyclical,XLY,SALIDA,195.6999969482422,37.01550387596899,-20.0,22.22222222222222,0,34.361757105943155,34.75728155339806,False,True,False,False,True,"['Fuerza relativa rompiendo: RS-line bajo su SMA50 durante 5 sesiones seguidas', 'Fuerza relativa rompiendo: RS-line bajo su SMA50 durante 5 sesiones seguidas']",['No extendida (-2% sobre SMA50)'],"['Medias móviles no alineadas alcistas', 'SMA200 sin pendiente alcista', 'Fuerza relativa insuficiente (RS 35)', 'Sin breakout reciente sobre resistencia']",['Margen bruto en contracción'],-0.016999977771470904,219.0753173828125,166.67343139648438
BA,Industrials,XLI,SALIDA,229.92999267578125,0.1937984496124031,40.0,38.88888888888889,0,34.299741602067186,52.23300970873787,False,True,False,False,True,"['Fuerza relativa rompiendo: RS-line bajo su SMA50 durante 5 sesiones seguidas', 'Fuerza relativa rompiendo: RS-line bajo su SMA50 durante 5 sesiones seguidas']",['No extendida (6% sobre SMA50)'],"['Medias móviles no alineadas alcistas', 'Fuerza relativa insuficiente (RS 52)', 'Sin breakout reciente sobre resistencia']","['Beat consistente últimos 2 trimestres', 'Margen bruto en expansión los últimos 4 trimestres']",0.05929134784888374,252.14999389648438,179.1199951171875
UAL,Industrials,XLI,SALIDA,100.04000091552734,17.441860465116278,0.0,38.88888888888889,0,34.19896640826873,53.20388349514563,False,True,False,False,True,"['Fuerza relativa rompiendo: RS-line bajo su SMA50 durante 5 sesiones seguidas', 'Fuerza relativa rompiendo: RS-line bajo su SMA50 durante 5 sesiones seguidas']",['No extendida (6% sobre SMA50)'],"['Precio por debajo de SMA150 o SMA200', 'Medias móviles no alineadas alcistas', 'Fuerza relativa insuficiente (RS 53)', 'Sin breakout reciente sobre resistencia']","['Beat consistente últimos 2 trimestres', 'Margen bruto en contracción']",0.05786984581808128,117.52999877929688,73.33000183105469
MELI,Consumer Cyclical,XLY,SALIDA,1841.1400146484375,26.937984496124027,0.0,22.22222222222222,0,33.83074935400517,14.36893203883495,False,True,False,False,True,"['Fuerza relativa rompiendo: RS-line bajo su SMA50 durante 5 sesiones seguidas', 'Fuerza relativa rompiendo: RS-line bajo su SMA50 durante 5 sesiones seguidas']",['No extendida (5% sobre SMA50)'],"['Precio por debajo de SMA150 o SMA200', 'Medias móviles no alineadas alcistas', 'SMA200 sin pendiente alcista', 'Lejos del máximo de 52 semanas', 'Fuerza relativa insuficiente (RS 14)', 'Sin breakout reciente sobre resistencia']","['Revisiones de analistas al alza', 'Margen bruto en contracción']",0.0476832116707359,2613.6298828125,1599.52001953125
RVTY,Healthcare,XLV,SALIDA,99.08999633789062,45.73643410852713,-20.0,5.555555555555555,0,33.68346253229974,45.43689320388349,False,True,True,True,True,['Fuerza relativa rompiendo: RS-line bajo su SMA50 durante 5 sesiones seguidas'],"['No extendida (10% sobre SMA50)', 'Breakout sobre pivot con volumen 2.6× lo normal']","['Medias móviles no alineadas alcistas', 'SMA200 sin pendiente alcista', 'Fuerza relativa insuficiente (RS 45)']",['Margen bruto en contracción'],0.10195157291568747,117.6579360961914,82.26000213623047
HAS,Consumer Cyclical,XLY,SALIDA,97.4800033569336,26.550387596899228,0.0,22.22222222222222,0,33.67571059431525,80.19417475728156,False,True,False,False,True,"['Fuerza relativa rompiendo: RS-line bajo su SMA50 durante 5 sesiones seguidas', 'Fuerza relativa rompiendo: RS-line bajo su SMA50 durante 5 sesiones seguidas']","['No extendida (4% sobre SMA50)', 'Fuerza relativa alta (RS 80/100)']",['Sin breakout reciente sobre resistencia'],"['Revisiones de analistas al alza', 'Margen bruto en contracción']",0.037968738409125416,105.214599609375,58.8132209777832
WELL,Real Estate,XLRE,SALIDA,216.47000122070312,2.131782945736434,0.0,61.111111111111114,0,33.63049095607235,80.3883495145631,True,True,False,False,True,"['Fuerza relativa rompiendo: RS-line bajo su SMA50 durante 5 sesiones seguidas', 'Fuerza relativa rompiendo: RS-line bajo su SMA50 durante 5 sesiones seguidas']","['Patrón de tendencia alcista (Stage 2)', 'No extendida (5% sobre SMA50)', 'Fuerza relativa alta (RS 80/100)']",['Sin breakout reciente sobre resistencia'],"['Revisiones de analistas al alza', 'Margen bruto en contracción']",0.04799768896153949,217.33999633789062,141.71035766601562
CBOE,Financial Services,XLF,SALIDA,346.0,24.418604651162788,20.0,11.11111111111111,0,33.54521963824289,87.18446601941747,True,True,True,False,True,['Fuerza relativa rompiendo: RS-line bajo su SMA50 durante 5 sesiones seguidas'],"['Patrón de tendencia alcista (Stage 2)', 'No extendida (16% sobre SMA50)', 'Fuerza relativa alta (RS 87/100)', 'Línea de fuerza relativa en máximos']",['Breakout sin confirmación de volumen'],['Margen bruto en expansión los últimos 4 trimestres'],0.16399533116821988,346.0,212.41348266601562
SOLV,Healthcare,XLV,SALIDA,70.98999786376953,36.434108527131784,0.0,5.555555555555555,0,33.462532299741596,34.1747572815534,False,True,False,True,True,"['Fuerza relativa rompiendo: RS-line bajo su SMA50 durante 5 sesiones seguidas', 'Fuerza relativa rompiendo: RS-line bajo su SMA50 durante 5 sesiones seguidas']",['No extendida (5% sobre SMA50)'],"['Precio por debajo de SMA150 o SMA200', 'Medias móviles no alineadas alcistas', 'SMA200 sin pendiente alcista', 'Fuerza relativa insuficiente (RS 34)', 'Sin breakout reciente sobre resistencia']","['Beat consistente últimos 2 trimestres', 'Margen bruto en contracción']",0.04694511259305119,86.13999938964844,62.4900016784668
SW,Consumer Cyclical,XLY,SALIDA,41.88999938964844,43.41085271317829,-40.0,22.22222222222222,0,33.41989664082687,42.33009708737864,False,True,False,False,True,"['Fuerza relativa rompiendo: RS-line bajo su SMA50 durante 5 sesiones seguidas', 'Fuerza relativa rompiendo: RS-line bajo su SMA50 durante 5 sesiones seguidas']",['No extendida (2% sobre SMA50)'],"['Medias móviles no alineadas alcistas', 'SMA200 sin pendiente alcista', 'Fuerza relativa insuficiente (RS 42)', 'Sin breakout reciente sobre resistencia']","['Miss consistente últimos 2 trimestres', 'Margen bruto en contracción']",0.019300755990035726,51.84000015258789,32.50254821777344
CVS,Healthcare,XLV,SALIDA,86.86000061035156,18.7984496124031,40.0,5.555555555555555,0,33.40826873385013,79.02912621359224,False,True,True,True,True,['Fuerza relativa rompiendo: RS-line bajo su SMA50 durante 5 sesiones seguidas'],"['No extendida (14% sobre SMA50)', 'Línea de fuerza relativa en máximos', 'Breakout sobre pivot con volumen 1.9× lo normal']","['Medias móviles no alineadas alcistas', 'Fuerza relativa insuficiente (RS 79)']","['Beat consistente últimos 2 trimestres', 'Margen bruto en expansión los últimos 4 trimestres']",0.13672383081824024,86.86000061035156,57.2951774597168
GPC,Consumer Cyclical,XLY,SALIDA,105.48999786376953,34.49612403100775,-20.0,22.22222222222222,0,33.35400516795866,12.62135922330097,False,True,False,False,True,"['Stop ATR roto: cierre 105.49 < trailing stop 107.58', 'Fuerza relativa rompiendo: RS-line bajo su SMA50 durante 5 sesiones seguidas', 'Fuerza relativa rompiendo: RS-line bajo su SMA50 durante 5 sesiones seguidas']",['No extendida (-2% sobre SMA50)'],"['Precio por debajo de SMA150 o SMA200', 'Medias móviles no alineadas alcistas', 'SMA200 sin pendiente alcista', 'Lejos del máximo de 52 semanas', 'Fuerza relativa insuficiente (RS 13)', 'Sin breakout reciente sobre resistencia']",['Margen bruto en contracción'],-0.02306707958187233,147.90516662597656,96.37999725341797
CBRE,Real Estate,XLRE,SALIDA,145.16000366210938,10.077519379844961,-20.0,61.111111111111114,0,33.30878552971576,30.097087378640776,False,True,False,False,True,"['Fuerza relativa rompiendo: RS-line bajo su SMA50 durante 5 sesiones seguidas', 'Fuerza relativa rompiendo: RS-line bajo su SMA50 durante 5 sesiones seguidas']",['No extendida (3% sobre SMA50)'],"['Precio por debajo de SMA150 o SMA200', 'Medias móviles no alineadas alcistas', 'Fuerza relativa insuficiente (RS 30)', 'Sin breakout reciente sobre resistencia']",['Margen bruto en contracción'],0.03040973418099307,171.61000061035156,120.43000030517578
LNT,Utilities,XLU,SALIDA,72.30999755859375,16.86046511627907,-20.0,50.0,0,33.24418604651163,64.27184466019418,False,True,False,False,True,"['Fuerza relativa rompiendo: RS-line bajo su SMA50 durante 5 sesiones seguidas', 'Fuerza relativa rompiendo: RS-line bajo su SMA50 durante 5 sesiones seguidas']",['No extendida (1% sobre SMA50)'],"['Fuerza relativa insuficiente (RS 64)', 'Sin breakout reciente sobre resistencia']",['Margen bruto en contracción'],0.01165420085532913,74.05999755859375,57.710174560546875
HII,Industrials,XLI,SALIDA,319.5400085449219,23.643410852713178,-20.0,38.88888888888889,0,33.179586563307495,44.46601941747573,False,True,False,True,True,"['Cierre por debajo de SMA50 (319.54 < 397.53) con volumen 1.9x', 'Stop ATR roto: cierre 319.54 < trailing stop 374.61', 'Fuerza relativa rompiendo: RS-line bajo su SMA50 durante 5 sesiones seguidas', 'Fuerza relativa rompiendo: RS-line bajo su SMA50 durante 5 sesiones seguidas']",['No extendida (-20% sobre SMA50)'],"['Precio por debajo de SMA150 o SMA200', 'Lejos del máximo de 52 semanas', 'Fuerza relativa insuficiente (RS 44)', 'Sin breakout reciente sobre resistencia']",['Margen bruto en contracción'],-0.19619626337312693,453.7300109863281,219.02255249023438
CAH,Healthcare,XLV,SALIDA,191.49000549316406,18.023255813953487,40.0,5.555555555555555,0,33.09819121447028,53.980582524271846,False,True,False,True,True,"['Cierre por debajo de SMA50 (191.49 < 211.33) con volumen 2.4x', 'Stop ATR roto: cierre 191.49 < trailing stop 201.03', 'Fuerza relativa rompiendo: RS-line bajo su SMA50 durante 5 sesiones seguidas', 'Fuerza relativa rompiendo: RS-line bajo su SMA50 durante 5 sesiones seguidas']",['No extendida (-9% sobre SMA50)'],"['Precio por debajo de SMA150 o SMA200', 'Fuerza relativa insuficiente (RS 54)', 'Sin breakout reciente sobre resistencia']","['Beat consistente últimos 2 trimestres', 'Margen bruto en expansión los últimos 4 trimestres']",-0.09389119311432088,229.32411193847656,144.8514404296875
MSCI,Financial Services,XLF,SALIDA,582.1400146484375,31.976744186046513,0.0,11.11111111111111,0,33.06847545219638,46.213592233009706,False,True,False,True,True,"['Fuerza relativa rompiendo: RS-line bajo su SMA50 durante 5 sesiones seguidas', 'Fuerza relativa rompiendo: RS-line bajo su SMA50 durante 5 sesiones seguidas']",['No extendida (4% sobre SMA50)'],"['Medias móviles no alineadas alcistas', 'Fuerza relativa insuficiente (RS 46)', 'Sin breakout reciente sobre resistencia']",[],0.03585769957007339,622.2974853515625,509.83074951171875
CHRW,Industrials,XLI,SALIDA,168.58999633789062,14.534883720930234,0.0,38.88888888888889,0,33.036175710594314,78.83495145631068,False,True,False,False,True,"['Stop ATR roto: cierre 168.59 < trailing stop 170.53', 'Fuerza relativa rompiendo: RS-line bajo su SMA50 durante 5 sesiones seguidas', 'Fuerza relativa rompiendo: RS-line bajo su SMA50 durante 5 sesiones seguidas']",['No extendida (-4% sobre SMA50)'],"['Fuerza relativa insuficiente (RS 79)', 'Sin breakout reciente sobre resistencia']","['Beat consistente últimos 2 trimestres', 'Margen bruto en contracción']",-0.0364696713483291,199.9062042236328,85.91108703613281
ERIE,Financial Services,XLF,SALIDA,213.55999755859375,31.2015503875969,0.0,11.11111111111111,0,32.758397932816536,3.8834951456310676,False,True,False,False,True,"['Stop ATR roto: cierre 213.56 < trailing stop 234.38', 'Fuerza relativa rompiendo: RS-line bajo su SMA50 durante 5 sesiones seguidas', 'Fuerza relativa rompiendo: RS-line bajo su SMA50 durante 5 sesiones seguidas']",['No extendida (-13% sobre SMA50)'],"['Precio por debajo de SMA150 o SMA200', 'Medias móviles no alineadas alcistas', 'SMA200 sin pendiente alcista', 'Lejos del máximo de 52 semanas', 'Fuerza relativa insuficiente (RS 4)', 'Sin breakout reciente sobre resistencia']",[],-0.12982074017566464,366.804931640625,210.64999389648438
OKE,Energy,XLE,SALIDA,85.5999984741211,12.015503875968992,-20.0,55.55555555555556,0,32.695090439276484,69.12621359223301,True,True,False,False,True,['Fuerza relativa rompiendo: RS-line bajo su SMA50 durante 5 sesiones seguidas'],"['Patrón de tendencia alcista (Stage 2)', 'No extendida (-1% sobre SMA50)']","['Fuerza relativa insuficiente (RS 69)', 'Sin breakout reciente sobre resistencia']",['Margen bruto en contracción'],-0.008581696640331487,92.84736633300781,62.68981170654297
DGX,Healthcare,XLV,SALIDA,189.1300048828125,42.82945736434108,-20.0,5.555555555555555,0,32.52067183462532,50.679611650485434,False,True,False,False,True,"['Stop ATR roto: cierre 189.13 < trailing stop 193.98', 'Fuerza relativa rompiendo: RS-line bajo su SMA50 durante 5 sesiones seguidas', 'Fuerza relativa rompiendo: RS-line bajo su SMA50 durante 5 sesiones seguidas']",['No extendida (-4% sobre SMA50)'],"['Fuerza relativa insuficiente (RS 51)', 'Sin breakout reciente sobre resistencia']",['Margen bruto en contracción'],-0.04319088266024422,210.98968505859375,164.21463012695312
WST,Healthcare,XLV,SALIDA,312.54998779296875,16.08527131782946,40.0,5.555555555555555,0,32.32299741602067,84.07766990291262,False,True,False,False,True,['Fuerza relativa rompiendo: RS-line bajo su SMA50 durante 5 sesiones seguidas'],"['No extendida (19% sobre SMA50)', 'Fuerza relativa alta (RS 84/100)']","['Medias móviles no alineadas alcistas', 'Sin breakout reciente sobre resistencia']","['Revisiones de analistas al alza', 'Beat consistente últimos 2 trimestres']",0.19435318867316562,312.54998779296875,204.68499755859375
COF,Financial Services,XLF,SALIDA,193.39999389648438,21.124031007751938,20.0,11.11111111111111,0,32.22739018087855,23.106796116504853,False,True,False,False,True,"['Stop ATR roto: cierre 193.40 < trailing stop 194.76', 'Fuerza relativa rompiendo: RS-line bajo su SMA50 durante 5 sesiones seguidas', 'Fuerza relativa rompiendo: RS-line bajo su SMA50 durante 5 sesiones seguidas']",['No extendida (2% sobre SMA50)'],"['Precio por debajo de SMA150 o SMA200', 'Medias móviles no alineadas alcistas', 'SMA200 sin pendiente alcista', 'Fuerza relativa insuficiente (RS 23)', 'Sin breakout reciente sobre resistencia']",['Revisiones de analistas al alza'],0.016585984481824235,256.9568176269531,176.10000610351562
CARR,Industrials,XLI,SALIDA,67.9000015258789,20.930232558139537,-20.0,38.88888888888889,0,32.094315245478036,52.42718446601942,False,True,True,False,True,['Fuerza relativa rompiendo: RS-line bajo su SMA50 durante 5 sesiones seguidas'],['No extendida (13% sobre SMA50)'],"['Medias móviles no alineadas alcistas', 'SMA200 sin pendiente alcista', 'Fuerza relativa insuficiente (RS 52)', 'Breakout sin confirmación de volumen']",['Margen bruto en contracción'],0.13357957014565758,79.79306030273438,49.96692657470703
DASH,Consumer Cyclical,XLY,SALIDA,167.97000122070312,12.984496124031008,20.0,22.22222222222222,0,31.74935400516796,8.737864077669903,False,True,False,True,True,"['Fuerza relativa rompiendo: RS-line bajo su SMA50 durante 5 sesiones seguidas', 'Fuerza relativa rompiendo: RS-line bajo su SMA50 durante 5 sesiones seguidas']",['No extendida (0% sobre SMA50)'],"['Precio por debajo de SMA150 o SMA200', 'Medias móviles no alineadas alcistas', 'SMA200 sin pendiente alcista', 'Lejos del máximo de 52 semanas', 'Fuerza relativa insuficiente (RS 9)', 'Sin breakout reciente sobre resistencia']",['Revisiones de analistas al alza'],0.0032809649786297505,281.739990234375,146.60000610351562
CRL,Healthcare,XLV,SALIDA,181.72999572753906,40.89147286821706,-20.0,5.555555555555555,0,31.74547803617571,55.92233009708738,False,True,False,False,True,['Fuerza relativa rompiendo: RS-line bajo su SMA50 durante 5 sesiones seguidas'],['No extendida (7% sobre SMA50)'],"['Precio por debajo de SMA150 o SMA200', 'Medias móviles no alineadas alcistas', 'Fuerza relativa insuficiente (RS 56)', 'Sin breakout reciente sobre resistencia']",['Margen bruto en contracción'],0.06668212953379427,226.77000427246094,115.41000366210938
PWR,Industrials,XLI,SALIDA,785.239990234375,11.046511627906977,0.0,38.88888888888889,0,31.640826873385016,95.72815533980582,True,False,True,False,True,['Fuerza relativa rompiendo: RS-line bajo su SMA50 durante 5 sesiones seguidas'],"['Patrón de tendencia alcista (Stage 2)', 'Fuerza relativa alta (RS 96/100)', 'Línea de fuerza relativa en máximos']","['Demasiado extendida (32% sobre SMA50)', 'Breakout sin confirmación de volumen']","['Revisiones de analistas al alza', 'Margen bruto en contracción']",0.31890433635743554,785.239990234375,317.3442687988281
STLD,Basic Materials,XLB,SALIDA,241.85000610351562,14.147286821705427,0.0,33.33333333333333,0,31.492248062015502,92.23300970873787,True,True,True,False,True,['Fuerza relativa rompiendo: RS-line bajo su SMA50 durante 5 sesiones seguidas'],"['Patrón de tendencia alcista (Stage 2)', 'No extendida (25% sobre SMA50)', 'Fuerza relativa alta (RS 92/100)', 'Línea de fuerza relativa en máximos']",['Breakout sin confirmación de volumen'],[],0.24727425265721356,241.85000610351562,120.19756317138672
GIS,Consumer Defensive,XLP,SALIDA,35.06999969482422,32.55813953488372,-20.0,16.666666666666664,0,31.189922480620154,6.407766990291262,False,True,False,True,True,"['Cierre por debajo de SMA50 (35.07 < 37.48) con volumen 1.5x', 'Fuerza relativa rompiendo: RS-line bajo su SMA50 durante 5 sesiones seguidas', 'Fuerza relativa rompiendo: RS-line bajo su SMA50 durante 5 sesiones seguidas']",['No extendida (-6% sobre SMA50)'],"['Precio por debajo de SMA150 o SMA200', 'Medias móviles no alineadas alcistas', 'SMA200 sin pendiente alcista', 'Lejos del máximo de 52 semanas', 'Fuerza relativa insuficiente (RS 6)', 'Sin breakout reciente sobre resistencia']",['Margen bruto en contracción'],-0.06431030921212096,52.17017364501953,34.43000030517578
NOC,Industrials,XLI,SALIDA,559.5999755859375,18.410852713178294,-20.0,38.88888888888889,0,31.08656330749354,26.990291262135923,False,True,False,False,True,"['Stop ATR roto: cierre 559.60 < trailing stop 650.55', 'Fuerza relativa rompiendo: RS-line bajo su SMA50 durante 5 sesiones seguidas', 'Fuerza relativa rompiendo: RS-line bajo su SMA50 durante 5 sesiones seguidas']",['No extendida (-17% sobre SMA50)'],"['Precio por debajo de SMA150 o SMA200', 'Lejos del máximo de 52 semanas', 'Fuerza relativa insuficiente (RS 27)', 'Sin breakout reciente sobre resistencia']",['Margen bruto en contracción'],-0.1717022117674322,768.02001953125,449.08343505859375
FANG,Energy,XLE,SALIDA,195.0800018310547,7.945736434108527,-20.0,55.55555555555556,0,31.067183462532302,84.27184466019418,True,True,False,False,True,['Fuerza relativa rompiendo: RS-line bajo su SMA50 durante 5 sesiones seguidas'],"['Patrón de tendencia alcista (Stage 2)', 'No extendida (3% sobre SMA50)', 'Fuerza relativa alta (RS 84/100)']",['Sin breakout reciente sobre resistencia'],['Margen bruto en contracción'],0.02985152768123785,213.69000244140625,126.12812042236328
AIZ,Financial Services,XLF,SALIDA,236.61000061035156,26.16279069767442,0.0,11.11111111111111,0,30.742894056847547,62.71844660194175,False,True,False,True,True,['Fuerza relativa rompiendo: RS-line bajo su SMA50 durante 5 sesiones seguidas'],['No extendida (6% sobre SMA50)'],"['Medias móviles no alineadas alcistas', 'Fuerza relativa insuficiente (RS 63)', 'Sin breakout reciente sobre resistencia']",[],0.057316089138041613,242.3254852294922,182.42486572265625
MTD,Healthcare,XLV,SALIDA,1327.0400390625,29.457364341085274,0.0,5.555555555555555,0,30.671834625322997,43.689320388349515,False,True,False,False,True,"['Fuerza relativa rompiendo: RS-line bajo su SMA50 durante 5 sesiones seguidas', 'Fuerza relativa rompiendo: RS-line bajo su SMA50 durante 5 sesiones seguidas']",['No extendida (4% sobre SMA50)'],"['Precio por debajo de SMA150 o SMA200', 'Medias móviles no alineadas alcistas', 'Fuerza relativa insuficiente (RS 44)', 'Sin breakout reciente sobre resistencia']",[],0.04079204877762856,1506.02001953125,1063.3699951171875
SYF,Financial Services,XLF,SALIDA,75.1500015258789,17.05426356589147,20.0,11.11111111111111,0,30.599483204134366,59.80582524271845,False,True,False,False,True,['Fuerza relativa rompiendo: RS-line bajo su SMA50 durante 5 sesiones seguidas'],['No extendida (7% sobre SMA50)'],"['Medias móviles no alineadas alcistas', 'Fuerza relativa insuficiente (RS 60)', 'Sin breakout reciente sobre resistencia']",['Beat consistente últimos 2 trimestres'],0.06587853606937132,87.75523376464844,52.52326202392578
IDXX,Healthcare,XLV,SALIDA,579.22998046875,29.069767441860467,0.0,5.555555555555555,0,30.516795865633075,27.57281553398058,False,True,False,False,True,"['Cierre por debajo de SMA50 (579.23 < 585.45) con volumen 1.2x', 'Fuerza relativa rompiendo: RS-line bajo su SMA50 durante 5 sesiones seguidas', 'Fuerza relativa rompiendo: RS-line bajo su SMA50 durante 5 sesiones seguidas']",['No extendida (-1% sobre SMA50)'],"['Precio por debajo de SMA150 o SMA200', 'Medias móviles no alineadas alcistas', 'Fuerza relativa insuficiente (RS 28)', 'Sin breakout reciente sobre resistencia']",[],-0.010619941294729814,766.6799926757812,473.7099914550781
DTE,Utilities,XLU,SALIDA,142.44000244140625,9.689922480620156,-20.0,50.0,0,30.375968992248062,51.6504854368932,False,True,False,True,True,"['Cierre por debajo de SMA50 (142.44 < 146.69) con volumen 1.9x', 'Stop ATR roto: cierre 142.44 < trailing stop 145.38', 'Fuerza relativa rompiendo: RS-line bajo su SMA50 durante 5 sesiones seguidas', 'Fuerza relativa rompiendo: RS-line bajo su SMA50 durante 5 sesiones seguidas']",['No extendida (-3% sobre SMA50)'],"['Fuerza relativa insuficiente (RS 52)', 'Sin breakout reciente sobre resistencia']",['Margen bruto en contracción'],-0.028959247036887712,151.69000244140625,126.64581298828125
LH,Healthcare,XLV,SALIDA,256.94000244140625,37.4031007751938,-20.0,5.555555555555555,0,30.35012919896641,33.592233009708735,False,True,False,True,True,"['Cierre por debajo de SMA50 (256.94 < 268.46) con volumen 1.7x', 'Fuerza relativa rompiendo: RS-line bajo su SMA50 durante 5 sesiones seguidas', 'Fuerza relativa rompiendo: RS-line bajo su SMA50 durante 5 sesiones seguidas']",['No extendida (-4% sobre SMA50)'],"['Precio por debajo de SMA150 o SMA200', 'Medias móviles no alineadas alcistas', 'Fuerza relativa insuficiente (RS 34)', 'Sin breakout reciente sobre resistencia']",['Margen bruto en contracción'],-0.04291370180311769,289.4273681640625,238.77659606933594
MRNA,Healthcare,XLV,SALIDA,48.790000915527344,2.3255813953488373,60.0,5.555555555555555,0,30.319121447028426,92.03883495145631,True,True,False,False,True,"['Fuerza relativa rompiendo: RS-line bajo su SMA50 durante 5 sesiones seguidas', 'Fuerza relativa rompiendo: RS-line bajo su SMA50 durante 5 sesiones seguidas']","['Patrón de tendencia alcista (Stage 2)', 'No extendida (-5% sobre SMA50)', 'Fuerza relativa alta (RS 92/100)']",['Sin breakout reciente sobre resistencia'],"['Revisiones de analistas al alza', 'Beat consistente últimos 2 trimestres', 'Margen bruto en expansión los últimos 4 trimestres']",-0.054503155553949044,57.79999923706055,22.360000610351562
PCAR,Industrials,XLI,SALIDA,116.51000213623047,25.1937984496124,-40.0,38.88888888888889,0,30.299741602067186,62.5242718446602,False,True,False,False,True,"['Stop ATR roto: cierre 116.51 < trailing stop 119.19', 'Fuerza relativa rompiendo: RS-line bajo su SMA50 durante 5 sesiones seguidas', 'Fuerza relativa rompiendo: RS-line bajo su SMA50 durante 5 sesiones seguidas']",['No extendida (-3% sobre SMA50)'],"['Fuerza relativa insuficiente (RS 63)', 'Sin breakout reciente sobre resistencia']","['Revisiones de analistas a la baja', 'Margen bruto en contracción']",-0.030229261928127173,129.47999572753906,86.50127410888672
MNST,Consumer Defensive,XLP,SALIDA,77.19999694824219,30.23255813953488,-20.0,16.666666666666664,0,30.259689922480618,64.46601941747574,False,True,False,False,True,"['Fuerza relativa rompiendo: RS-line bajo su SMA50 durante 5 sesiones seguidas', 'Fuerza relativa rompiendo: RS-line bajo su SMA50 durante 5 sesiones seguidas']",['No extendida (1% sobre SMA50)'],"['Fuerza relativa insuficiente (RS 64)', 'Sin breakout reciente sobre resistencia']",['Margen bruto en contracción'],0.013144591366105591,86.66000366210938,58.650001525878906
BALL,Consumer Cyclical,XLY,SALIDA,59.0,26.744186046511626,-20.0,22.22222222222222,0,30.253229974160206,53.00970873786408,False,True,False,True,True,"['Cierre por debajo de SMA50 (59.00 < 61.72) con volumen 2.3x', 'Stop ATR roto: cierre 59.00 < trailing stop 60.05', 'Fuerza relativa rompiendo: RS-line bajo su SMA50 durante 5 sesiones seguidas', 'Fuerza relativa rompiendo: RS-line bajo su SMA50 durante 5 sesiones seguidas']",['No extendida (-4% sobre SMA50)'],"['Fuerza relativa insuficiente (RS 53)', 'Sin breakout reciente sobre resistencia']",['Margen bruto en contracción'],-0.04412721758618391,67.5581283569336,46.08488845825195
TSLA,Consumer Cyclical,XLY,SALIDA,398.7300109863281,0.3875968992248062,40.0,22.22222222222222,0,30.21059431524548,59.02912621359223,False,True,False,False,True,"['Fuerza relativa rompiendo: RS-line bajo su SMA50 durante 5 sesiones seguidas', 'Fuerza relativa rompiendo: RS-line bajo su SMA50 durante 5 sesiones seguidas']",['No extendida (4% sobre SMA50)'],"['Precio por debajo de SMA150 o SMA200', 'Medias móviles no alineadas alcistas', 'Fuerza relativa insuficiente (RS 59)', 'Sin breakout reciente sobre resistencia']","['Beat consistente últimos 2 trimestres', 'Margen bruto en expansión los últimos 4 trimestres']",0.04132555284192158,489.8800048828125,275.3500061035156
KO,Consumer Defensive,XLP,SALIDA,79.2300033569336,21.31782945736434,0.0,16.666666666666664,0,30.1937984496124,60.77669902912621,False,True,False,False,True,"['Fuerza relativa rompiendo: RS-line bajo su SMA50 durante 5 sesiones seguidas', 'Fuerza relativa rompiendo: RS-line bajo su SMA50 durante 5 sesiones seguidas']",['No extendida (3% sobre SMA50)'],"['Fuerza relativa insuficiente (RS 61)', 'Sin breakout reciente sobre resistencia']",[],0.029893238767327843,81.00302124023438,64.7666244506836
DOW,Basic Materials,XLB,SALIDA,38.5,1.550387596899225,20.0,33.33333333333333,0,29.953488372093023,90.48543689320388,True,True,False,False,True,['Fuerza relativa rompiendo: RS-line bajo su SMA50 durante 5 sesiones seguidas'],"['Patrón de tendencia alcista (Stage 2)', 'No extendida (3% sobre SMA50)', 'Fuerza relativa alta (RS 90/100)']",['Sin breakout reciente sobre resistencia'],"['Revisiones de analistas a la baja', 'Beat consistente últimos 2 trimestres', 'Margen bruto en expansión los últimos 4 trimestres']",0.028675410104189863,41.869998931884766,20.034265518188477
PKG,Consumer Cyclical,XLY,SALIDA,226.82000732421875,25.775193798449614,-20.0,22.22222222222222,0,29.865633074935403,63.689320388349515,False,True,True,False,True,"['Fuerza relativa rompiendo: RS-line bajo su SMA50 durante 5 sesiones seguidas', 'Fuerza relativa rompiendo: RS-line bajo su SMA50 durante 5 sesiones seguidas']",['No extendida (5% sobre SMA50)'],"['Fuerza relativa insuficiente (RS 64)', 'Breakout sin confirmación de volumen']",['Margen bruto en contracción'],0.054614986356218934,244.87155151367188,175.68128967285156
TTWO,Communication Services,XLC,SALIDA,222.0,4.263565891472868,20.0,27.77777777777778,0,29.649870801033593,38.83495145631068,False,True,True,False,True,['Fuerza relativa rompiendo: RS-line bajo su SMA50 durante 5 sesiones seguidas'],['No extendida (7% sobre SMA50)'],"['Precio por debajo de SMA150 o SMA200', 'Medias móviles no alineadas alcistas', 'SMA200 sin pendiente alcista', 'Fuerza relativa insuficiente (RS 39)', 'Breakout sin confirmación de volumen']","['Revisiones de analistas al alza', 'Miss consistente últimos 2 trimestres', 'Margen bruto en expansión los últimos 4 trimestres']",0.06842645959574767,262.2900085449219,189.69000244140625
ISRG,Healthcare,XLV,SALIDA,451.7300109863281,8.720930232558139,40.0,5.555555555555555,0,29.377260981912144,21.16504854368932,False,True,False,False,True,"['Fuerza relativa rompiendo: RS-line bajo su SMA50 durante 5 sesiones seguidas', 'Fuerza relativa rompiendo: RS-line bajo su SMA50 durante 5 sesiones seguidas']",['No extendida (-4% sobre SMA50)'],"['Precio por debajo de SMA150 o SMA200', 'Medias móviles no alineadas alcistas', 'SMA200 sin pendiente alcista', 'Fuerza relativa insuficiente (RS 21)', 'Sin breakout reciente sobre resistencia']","['Revisiones de analistas al alza', 'Beat consistente últimos 2 trimestres']",-0.04352526292852454,592.8499755859375,429.5899963378906
HSIC,Healthcare,XLV,SALIDA,72.44000244140625,25.968992248062015,0.0,5.555555555555555,0,29.276485788113696,50.09708737864078,False,True,False,True,True,"['Cierre por debajo de SMA50 (72.44 < 76.10) con volumen 1.9x', 'Stop ATR roto: cierre 72.44 < trailing stop 74.77', 'Fuerza relativa rompiendo: RS-line bajo su SMA50 durante 5 sesiones seguidas', 'Fuerza relativa rompiendo: RS-line bajo su SMA50 durante 5 sesiones seguidas']",['No extendida (-5% sobre SMA50)'],"['Precio por debajo de SMA150 o SMA200', 'Fuerza relativa insuficiente (RS 50)', 'Sin breakout reciente sobre resistencia']",[],-0.04804454204478064,83.3499984741211,62.029998779296875
LOW,Consumer Cyclical,XLY,SALIDA,233.3699951171875,24.031007751937985,-20.0,22.22222222222222,0,29.167958656330754,28.349514563106798,False,True,False,False,True,"['Stop ATR roto: cierre 233.37 < trailing stop 234.76', 'Fuerza relativa rompiendo: RS-line bajo su SMA50 durante 5 sesiones seguidas', 'Fuerza relativa rompiendo: RS-line bajo su SMA50 durante 5 sesiones seguidas']",['No extendida (-3% sobre SMA50)'],"['Precio por debajo de SMA150 o SMA200', 'Medias móviles no alineadas alcistas', 'Fuerza relativa insuficiente (RS 28)', 'Sin breakout reciente sobre resistencia']",['Margen bruto en contracción'],-0.033569974770574565,286.01708984375,206.7630615234375
WAT,Healthcare,XLV,SALIDA,349.5299987792969,8.13953488372093,40.0,5.555555555555555,0,29.14470284237726,39.80582524271845,False,True,True,True,True,['Fuerza relativa rompiendo: RS-line bajo su SMA50 durante 5 sesiones seguidas'],"['No extendida (13% sobre SMA50)', 'Línea de fuerza relativa en máximos', 'Breakout sobre pivot con volumen 1.7× lo normal']","['Medias móviles no alineadas alcistas', 'SMA200 sin pendiente alcista', 'Fuerza relativa insuficiente (RS 40)']","['Revisiones de analistas al alza', 'Margen bruto en expansión los últimos 4 trimestres']",0.12836202560568866,412.5400085449219,277.7200012207031
AJG,Financial Services,XLF,SALIDA,196.91000366210938,21.511627906976745,0.0,11.11111111111111,0,28.882428940568477,6.601941747572816,False,True,False,False,True,"['Stop ATR roto: cierre 196.91 < trailing stop 207.76', 'Fuerza relativa rompiendo: RS-line bajo su SMA50 durante 5 sesiones seguidas', 'Fuerza relativa rompiendo: RS-line bajo su SMA50 durante 5 sesiones seguidas']",['No extendida (-9% sobre SMA50)'],"['Precio por debajo de SMA150 o SMA200', 'Medias móviles no alineadas alcistas', 'SMA200 sin pendiente alcista', 'Lejos del máximo de 52 semanas', 'Fuerza relativa insuficiente (RS 7)', 'Sin breakout reciente sobre resistencia']","['Revisiones de analistas al alza', 'Margen bruto en contracción']",-0.08924568322176572,345.349609375,196.91000366210938
ROL,Consumer Cyclical,XLY,SALIDA,54.189998626708984,23.25581395348837,-20.0,22.22222222222222,0,28.85788113695091,21.941747572815533,False,True,False,False,True,"['Fuerza relativa rompiendo: RS-line bajo su SMA50 durante 5 sesiones seguidas', 'Fuerza relativa rompiendo: RS-line bajo su SMA50 durante 5 sesiones seguidas']",['No extendida (-2% sobre SMA50)'],"['Precio por debajo de SMA150 o SMA200', 'Medias móviles no alineadas alcistas', 'SMA200 sin pendiente alcista', 'Fuerza relativa insuficiente (RS 22)', 'Sin breakout reciente sobre resistencia']",['Margen bruto en contracción'],-0.022388221528486973,65.40160369873047,52.459999084472656
MET,Financial Services,XLF,SALIDA,80.16000366210938,3.875968992248062,40.0,11.11111111111111,0,28.828165374677003,49.12621359223301,False,True,True,False,True,['Fuerza relativa rompiendo: RS-line bajo su SMA50 durante 5 sesiones seguidas'],['No extendida (9% sobre SMA50)'],"['Medias móviles no alineadas alcistas', 'Fuerza relativa insuficiente (RS 49)', 'Breakout sin confirmación de volumen']","['Revisiones de analistas al alza', 'Beat consistente últimos 2 trimestres']",0.09008431545705432,82.022216796875,67.69999694824219
DE,Industrials,XLI,SALIDA,591.6400146484375,20.348837209302324,-40.0,38.88888888888889,0,28.361757105943155,68.73786407766991,False,True,False,False,True,"['Fuerza relativa rompiendo: RS-line bajo su SMA50 durante 5 sesiones seguidas', 'Fuerza relativa rompiendo: RS-line bajo su SMA50 durante 5 sesiones seguidas']",['No extendida (1% sobre SMA50)'],"['Fuerza relativa insuficiente (RS 69)', 'Sin breakout reciente sobre resistencia']","['Revisiones de analistas a la baja', 'Margen bruto en contracción']",0.010709525650569656,660.5579833984375,436.32012939453125
NEE,Utilities,XLU,SALIDA,95.38999938964844,4.457364341085271,-20.0,50.0,0,28.282945736434108,78.25242718446603,True,True,False,False,True,"['Fuerza relativa rompiendo: RS-line bajo su SMA50 durante 5 sesiones seguidas', 'Fuerza relativa rompiendo: RS-line bajo su SMA50 durante 5 sesiones seguidas']","['Patrón de tendencia alcista (Stage 2)', 'No extendida (3% sobre SMA50)']","['Fuerza relativa insuficiente (RS 78)', 'Sin breakout reciente sobre resistencia']",['Margen bruto en contracción'],0.02712521188666989,97.87999725341797,64.61825561523438
HBAN,Financial Services,XLF,SALIDA,16.639999389648438,11.24031007751938,20.0,11.11111111111111,0,28.27390180878553,40.0,False,True,False,False,True,"['Fuerza relativa rompiendo: RS-line bajo su SMA50 durante 5 sesiones seguidas', 'Fuerza relativa rompiendo: RS-line bajo su SMA50 durante 5 sesiones seguidas']",['No extendida (3% sobre SMA50)'],"['Medias móviles no alineadas alcistas', 'SMA200 sin pendiente alcista', 'Fuerza relativa insuficiente (RS 40)', 'Sin breakout reciente sobre resistencia']",['Revisiones de analistas al alza'],0.03117076086017832,19.075923919677734,14.328787803649902
COIN,Financial Services,XLF,SALIDA,197.9600067138672,19.961240310077518,0.0,11.11111111111111,0,28.262273901808786,24.271844660194176,False,True,False,False,True,['Fuerza relativa rompiendo: RS-line bajo su SMA50 durante 5 sesiones seguidas'],['No extendida (4% sobre SMA50)'],"['Precio por debajo de SMA150 o SMA200', 'Medias móviles no alineadas alcistas', 'SMA200 sin pendiente alcista', 'Lejos del máximo de 52 semanas', 'Fuerza relativa insuficiente (RS 24)', 'Sin breakout reciente sobre resistencia']","['Revisiones de analistas a la baja', 'Margen bruto en expansión los últimos 4 trimestres']",0.04386492739662851,419.7799987792969,141.08999633789062
LYV,Communication Services,XLC,SALIDA,167.82000732421875,9.496124031007753,0.0,27.77777777777778,0,28.242894056847547,70.48543689320388,False,True,False,True,True,"['Fuerza relativa rompiendo: RS-line bajo su SMA50 durante 5 sesiones seguidas', 'Fuerza relativa rompiendo: RS-line bajo su SMA50 durante 5 sesiones seguidas']",['No extendida (7% sobre SMA50)'],"['Medias móviles no alineadas alcistas', 'Fuerza relativa insuficiente (RS 70)', 'Sin breakout reciente sobre resistencia']",[],0.06610868552008729,174.05999755859375,125.61000061035156
ROST,Consumer Cyclical,XLY,SALIDA,228.91000366210938,21.705426356589147,-20.0,22.22222222222222,0,28.237726098191217,88.93203883495146,True,True,False,False,True,['Fuerza relativa rompiendo: RS-line bajo su SMA50 durante 5 sesiones seguidas'],"['Patrón de tendencia alcista (Stage 2)', 'No extendida (5% sobre SMA50)', 'Fuerza relativa alta (RS 89/100)']",['Sin breakout reciente sobre resistencia'],['Margen bruto en contracción'],0.05416084275235814,228.91000366210938,125.72746276855469
STT,Financial Services,XLF,SALIDA,151.24000549316406,19.57364341085271,0.0,11.11111111111111,0,28.107235142118864,86.2135922330097,True,True,False,False,True,['Fuerza relativa rompiendo: RS-line bajo su SMA50 durante 5 sesiones seguidas'],"['Patrón de tendencia alcista (Stage 2)', 'No extendida (13% sobre SMA50)', 'Fuerza relativa alta (RS 86/100)']",['Sin breakout reciente sobre resistencia'],[],0.1270622942232314,154.02000427246094,88.27677154541016
BAC,Financial Services,XLF,SALIDA,53.599998474121094,19.379844961240313,0.0,11.11111111111111,0,28.029715762273902,58.252427184466015,False,True,False,False,True,['Fuerza relativa rompiendo: RS-line bajo su SMA50 durante 5 sesiones seguidas'],['No extendida (6% sobre SMA50)'],"['Medias móviles no alineadas alcistas', 'Fuerza relativa insuficiente (RS 58)', 'Sin breakout reciente sobre resistencia']",[],0.0619994722910378,56.92817687988281,39.94162368774414
FITB,Financial Services,XLF,SALIDA,50.84000015258789,10.465116279069768,20.0,11.11111111111111,0,27.963824289405686,69.90291262135922,False,True,False,False,True,"['Fuerza relativa rompiendo: RS-line bajo su SMA50 durante 5 sesiones seguidas', 'Fuerza relativa rompiendo: RS-line bajo su SMA50 durante 5 sesiones seguidas']",['No extendida (6% sobre SMA50)'],"['Fuerza relativa insuficiente (RS 70)', 'Sin breakout reciente sobre resistencia']",['Revisiones de analistas al alza'],0.06150460305346825,54.58689498901367,35.36138153076172
C,Financial Services,XLF,SALIDA,127.5999984741211,19.186046511627907,0.0,11.11111111111111,0,27.95219638242894,85.8252427184466,True,True,False,False,True,['Fuerza relativa rompiendo: RS-line bajo su SMA50 durante 5 sesiones seguidas'],"['Patrón de tendencia alcista (Stage 2)', 'No extendida (8% sobre SMA50)', 'Fuerza relativa alta (RS 86/100)']",['Sin breakout reciente sobre resistencia'],[],0.08450370919387565,132.423583984375,67.92993927001953
KEY,Financial Services,XLF,SALIDA,22.229999542236328,10.271317829457365,20.0,11.11111111111111,0,27.886304909560724,75.33980582524272,True,True,False,False,True,['Fuerza relativa rompiendo: RS-line bajo su SMA50 durante 5 sesiones seguidas'],"['Patrón de tendencia alcista (Stage 2)', 'No extendida (7% sobre SMA50)']","['Fuerza relativa insuficiente (RS 75)', 'Sin breakout reciente sobre resistencia']",['Beat consistente últimos 2 trimestres'],0.07186575132538586,22.98244857788086,14.563424110412598
NTRS,Financial Services,XLF,SALIDA,163.27999877929688,18.992248062015506,0.0,11.11111111111111,0,27.87467700258398,83.49514563106796,True,True,False,False,True,['Fuerza relativa rompiendo: RS-line bajo su SMA50 durante 5 sesiones seguidas'],"['Patrón de tendencia alcista (Stage 2)', 'No extendida (10% sobre SMA50)', 'Fuerza relativa alta (RS 83/100)']",['Sin breakout reciente sobre resistencia'],[],0.09759866347301238,171.74000549316406,94.5090560913086
TMO,Healthcare,XLV,SALIDA,472.95001220703125,22.28682170542636,0.0,5.555555555555555,0,27.803617571059434,25.24271844660194,False,True,False,False,True,"['Stop ATR roto: cierre 472.95 < trailing stop 491.78', 'Fuerza relativa rompiendo: RS-line bajo su SMA50 durante 5 sesiones seguidas', 'Fuerza relativa rompiendo: RS-line bajo su SMA50 durante 5 sesiones seguidas']",['No extendida (-4% sobre SMA50)'],"['Precio por debajo de SMA150 o SMA200', 'Medias móviles no alineadas alcistas', 'Lejos del máximo de 52 semanas', 'Fuerza relativa insuficiente (RS 25)', 'Sin breakout reciente sobre resistencia']",[],-0.03971484297814942,638.8184814453125,389.2322082519531
AXON,Industrials,XLI,SALIDA,385.8599853515625,0.5813953488372093,0.0,38.88888888888889,0,27.45478036175711,2.3300970873786406,False,True,False,True,True,"['Cierre por debajo de SMA50 (385.86 < 451.05) con volumen 2.0x', 'Fuerza relativa rompiendo: RS-line bajo su SMA50 durante 5 sesiones seguidas', 'Fuerza relativa rompiendo: RS-line bajo su SMA50 durante 5 sesiones seguidas']",['No extendida (-14% sobre SMA50)'],"['Precio por debajo de SMA150 o SMA200', 'Medias móviles no alineadas alcistas', 'SMA200 sin pendiente alcista', 'Lejos del máximo de 52 semanas', 'Fuerza relativa insuficiente (RS 2)', 'Sin breakout reciente sobre resistencia']","['Revisiones de analistas al alza', 'Margen bruto en contracción']",-0.14453515455200378,870.969970703125,345.94000244140625
JPM,Financial Services,XLF,SALIDA,314.8999938964844,17.829457364341085,0.0,11.11111111111111,0,27.40956072351421,54.36893203883495,False,True,False,False,True,"['Fuerza relativa rompiendo: RS-line bajo su SMA50 durante 5 sesiones seguidas', 'Fuerza relativa rompiendo: RS-line bajo su SMA50 durante 5 sesiones seguidas']",['No extendida (5% sobre SMA50)'],"['Medias móviles no alineadas alcistas', 'Fuerza relativa insuficiente (RS 54)', 'Sin breakout reciente sobre resistencia']",[],0.05227852656549832,332.90625,244.4950408935547
BK,Financial Services,XLF,SALIDA,133.63999938964844,17.635658914728683,0.0,11.11111111111111,0,27.332041343669253,82.52427184466019,True,True,False,False,True,['Fuerza relativa rompiendo: RS-line bajo su SMA50 durante 5 sesiones seguidas'],"['Patrón de tendencia alcista (Stage 2)', 'No extendida (8% sobre SMA50)', 'Fuerza relativa alta (RS 83/100)']",['Sin breakout reciente sobre resistencia'],[],0.08040934961936132,137.37469482421875,81.38075256347656
MGM,Consumer Cyclical,XLY,SALIDA,38.209999084472656,10.65891472868217,0.0,22.22222222222222,0,27.319121447028422,60.0,False,True,False,False,True,"['Fuerza relativa rompiendo: RS-line bajo su SMA50 durante 5 sesiones seguidas', 'Fuerza relativa rompiendo: RS-line bajo su SMA50 durante 5 sesiones seguidas']",['No extendida (2% sobre SMA50)'],"['Medias móviles no alineadas alcistas', 'Fuerza relativa insuficiente (RS 60)', 'Sin breakout reciente sobre resistencia']",[],0.02302541056151686,40.54999923706055,30.719999313354492
IQV,Healthcare,XLV,SALIDA,176.47000122070312,29.26356589147287,-20.0,5.555555555555555,0,27.09431524547804,26.019417475728158,False,True,False,False,True,"['Fuerza relativa rompiendo: RS-line bajo su SMA50 durante 5 sesiones seguidas', 'Fuerza relativa rompiendo: RS-line bajo su SMA50 durante 5 sesiones seguidas']",['No extendida (4% sobre SMA50)'],"['Precio por debajo de SMA150 o SMA200', 'Medias móviles no alineadas alcistas', 'Lejos del máximo de 52 semanas', 'Fuerza relativa insuficiente (RS 26)', 'Sin breakout reciente sobre resistencia']",['Margen bruto en contracción'],0.041686350986152414,244.2899932861328,137.0
BG,Consumer Defensive,XLP,SALIDA,126.05000305175781,4.651162790697675,20.0,16.666666666666664,0,27.027131782945737,86.60194174757282,True,True,False,False,True,"['Fuerza relativa rompiendo: RS-line bajo su SMA50 durante 5 sesiones seguidas', 'Fuerza relativa rompiendo: RS-line bajo su SMA50 durante 5 sesiones seguidas']","['Patrón de tendencia alcista (Stage 2)', 'No extendida (2% sobre SMA50)', 'Fuerza relativa alta (RS 87/100)']",['Sin breakout reciente sobre resistencia'],"['Revisiones de analistas al alza', 'Beat consistente últimos 2 trimestres', 'Margen bruto en contracción']",0.019716425786135288,130.3800048828125,71.4277572631836
WFC,Financial Services,XLF,SALIDA,80.41999816894531,16.666666666666664,0.0,11.11111111111111,0,26.944444444444443,31.2621359223301,False,True,False,False,True,"['Stop ATR roto: cierre 80.42 < trailing stop 80.89', 'Fuerza relativa rompiendo: RS-line bajo su SMA50 durante 5 sesiones seguidas', 'Fuerza relativa rompiendo: RS-line bajo su SMA50 durante 5 sesiones seguidas']",['No extendida (-0% sobre SMA50)'],"['Precio por debajo de SMA150 o SMA200', 'Medias móviles no alineadas alcistas', 'Fuerza relativa insuficiente (RS 31)', 'Sin breakout reciente sobre resistencia']",[],-0.000904455103542959,95.91857147216797,71.2111587524414
TFC,Financial Services,XLF,SALIDA,50.79999923706055,15.69767441860465,0.0,11.11111111111111,0,26.55684754521964,62.912621359223294,False,True,False,False,True,['Fuerza relativa rompiendo: RS-line bajo su SMA50 durante 5 sesiones seguidas'],['No extendida (6% sobre SMA50)'],"['Fuerza relativa insuficiente (RS 63)', 'Sin breakout reciente sobre resistencia']",[],0.05536071547335501,55.25265121459961,36.93213653564453
MTB,Financial Services,XLF,SALIDA,217.4199981689453,15.310077519379844,0.0,11.11111111111111,0,26.401808785529717,60.58252427184466,False,True,False,False,True,"['Fuerza relativa rompiendo: RS-line bajo su SMA50 durante 5 sesiones seguidas', 'Fuerza relativa rompiendo: RS-line bajo su SMA50 durante 5 sesiones seguidas']",['No extendida (3% sobre SMA50)'],"['Fuerza relativa insuficiente (RS 61)', 'Sin breakout reciente sobre resistencia']",[],0.026326689251423067,236.36460876464844,167.49407958984375
COST,Consumer Defensive,XLP,SALIDA,995.75,2.7131782945736433,20.0,16.666666666666664,0,26.251937984496124,45.04854368932038,False,True,False,True,True,"['Cierre por debajo de SMA50 (995.75 < 996.65) con volumen 1.4x', 'Fuerza relativa rompiendo: RS-line bajo su SMA50 durante 5 sesiones seguidas', 'Fuerza relativa rompiendo: RS-line bajo su SMA50 durante 5 sesiones seguidas']",['No extendida (-0% sobre SMA50)'],"['Medias móviles no alineadas alcistas', 'Fuerza relativa insuficiente (RS 45)', 'Sin breakout reciente sobre resistencia']",['Revisiones de analistas al alza'],-0.000904800720026976,1050.9342041015625,847.6104736328125
RF,Financial Services,XLF,SALIDA,28.209999084472656,13.953488372093023,0.0,11.11111111111111,0,25.859173126614987,63.49514563106796,False,True,False,False,True,"['Fuerza relativa rompiendo: RS-line bajo su SMA50 durante 5 sesiones seguidas', 'Fuerza relativa rompiendo: RS-line bajo su SMA50 durante 5 sesiones seguidas']",['No extendida (4% sobre SMA50)'],"['Fuerza relativa insuficiente (RS 63)', 'Sin breakout reciente sobre resistencia']",[],0.04140569029025509,30.655292510986328,19.8684024810791
BLDR,Industrials,XLI,SALIDA,80.02999877929688,22.674418604651162,-60.0,38.88888888888889,0,25.791989664082685,2.1359223300970873,False,True,False,True,True,"['Cierre por debajo de SMA50 (80.03 < 87.18) con volumen 1.4x', 'Stop ATR roto: cierre 80.03 < trailing stop 81.72', 'Fuerza relativa rompiendo: RS-line bajo su SMA50 durante 5 sesiones seguidas', 'Fuerza relativa rompiendo: RS-line bajo su SMA50 durante 5 sesiones seguidas']",['No extendida (-8% sobre SMA50)'],"['Precio por debajo de SMA150 o SMA200', 'Medias móviles no alineadas alcistas', 'SMA200 sin pendiente alcista', 'Lejos del máximo de 52 semanas', 'Fuerza relativa insuficiente (RS 2)', 'Sin breakout reciente sobre resistencia']","['Revisiones de analistas a la baja', 'Miss consistente últimos 2 trimestres', 'Margen bruto en contracción']",-0.08204371652848472,149.2100067138672,73.75
PNC,Financial Services,XLF,SALIDA,222.4199981689453,13.565891472868216,0.0,11.11111111111111,0,25.704134366925064,66.40776699029126,False,True,False,False,True,"['Fuerza relativa rompiendo: RS-line bajo su SMA50 durante 5 sesiones seguidas', 'Fuerza relativa rompiendo: RS-line bajo su SMA50 durante 5 sesiones seguidas']",['No extendida (4% sobre SMA50)'],"['Fuerza relativa insuficiente (RS 66)', 'Sin breakout reciente sobre resistencia']",[],0.044743713975807245,240.63150024414062,158.2081298828125
USB,Financial Services,XLF,SALIDA,56.15999984741211,12.790697674418606,0.0,11.11111111111111,0,25.394056847545222,70.67961165048544,False,True,False,False,True,"['Fuerza relativa rompiendo: RS-line bajo su SMA50 durante 5 sesiones seguidas', 'Fuerza relativa rompiendo: RS-line bajo su SMA50 durante 5 sesiones seguidas']",['No extendida (4% sobre SMA50)'],"['Fuerza relativa insuficiente (RS 71)', 'Sin breakout reciente sobre resistencia']",[],0.04265392633033523,60.069740295410156,39.31211853027344
CFG,Financial Services,XLF,SALIDA,65.62000274658203,12.4031007751938,0.0,11.11111111111111,0,25.2390180878553,82.33009708737865,True,True,False,False,True,['Fuerza relativa rompiendo: RS-line bajo su SMA50 durante 5 sesiones seguidas'],"['Patrón de tendencia alcista (Stage 2)', 'No extendida (7% sobre SMA50)', 'Fuerza relativa alta (RS 82/100)']",['Sin breakout reciente sobre resistencia'],[],0.07499887403115511,67.63343048095703,36.886959075927734
TPL,Energy,XLE,SALIDA,419.75,1.744186046511628,-40.0,55.55555555555556,0,25.08656330749354,75.72815533980582,False,True,False,False,True,"['Fuerza relativa rompiendo: RS-line bajo su SMA50 durante 5 sesiones seguidas', 'Fuerza relativa rompiendo: RS-line bajo su SMA50 durante 5 sesiones seguidas']",['No extendida (-12% sobre SMA50)'],"['Fuerza relativa insuficiente (RS 76)', 'Sin breakout reciente sobre resistencia']","['Miss consistente últimos 2 trimestres', 'Margen bruto en contracción']",-0.1184767074918188,539.7899780273438,273.250244140625
ADM,Consumer Defensive,XLP,SALIDA,78.0199966430664,8.333333333333332,0.0,16.666666666666664,0,25.0,86.40776699029125,True,True,True,False,True,['Fuerza relativa rompiendo: RS-line bajo su SMA50 durante 5 sesiones seguidas'],"['Patrón de tendencia alcista (Stage 2)', 'No extendida (10% sobre SMA50)', 'Fuerza relativa alta (RS 86/100)']",['Breakout sin confirmación de volumen'],"['Beat consistente últimos 2 trimestres', 'Margen bruto en contracción']",0.103136575229091,79.19000244140625,45.84560012817383
SATS,Communication Services,XLC,SALIDA,125.75,1.1627906976744187,0.0,27.77777777777778,0,24.90956072351421,98.44660194174757,True,True,False,False,True,"['Fuerza relativa rompiendo: RS-line bajo su SMA50 durante 5 sesiones seguidas', 'Fuerza relativa rompiendo: RS-line bajo su SMA50 durante 5 sesiones seguidas']","['Patrón de tendencia alcista (Stage 2)', 'No extendida (6% sobre SMA50)', 'Fuerza relativa alta (RS 98/100)']",['Sin breakout reciente sobre resistencia'],"['Miss consistente últimos 2 trimestres', 'Margen bruto en expansión los últimos 4 trimestres']",0.06320916580192912,135.11000061035156,15.989999771118164
MDLZ,Consumer Defensive,XLP,SALIDA,61.869998931884766,16.27906976744186,-20.0,16.666666666666664,0,24.678294573643413,46.019417475728154,False,True,False,False,True,['Fuerza relativa rompiendo: RS-line bajo su SMA50 durante 5 sesiones seguidas'],['No extendida (7% sobre SMA50)'],"['Medias móviles no alineadas alcistas', 'SMA200 sin pendiente alcista', 'Fuerza relativa insuficiente (RS 46)', 'Sin breakout reciente sobre resistencia']",['Margen bruto en contracción'],0.06888438298203384,68.94795989990234,51.06785202026367
APD,Basic Materials,XLB,SALIDA,300.2099914550781,5.62015503875969,-20.0,33.33333333333333,0,24.58139534883721,61.359223300970875,False,True,False,False,True,"['Fuerza relativa rompiendo: RS-line bajo su SMA50 durante 5 sesiones seguidas', 'Fuerza relativa rompiendo: RS-line bajo su SMA50 durante 5 sesiones seguidas']",['No extendida (4% sobre SMA50)'],"['Medias móviles no alineadas alcistas', 'Fuerza relativa insuficiente (RS 61)', 'Sin breakout reciente sobre resistencia']",['Margen bruto en contracción'],0.03825392786827693,303.92999267578125,227.66041564941406
WBD,Communication Services,XLC,SALIDA,27.200000762939453,8.527131782945736,-20.0,27.77777777777778,0,24.355297157622736,94.36893203883496,False,True,False,False,True,"['Fuerza relativa rompiendo: RS-line bajo su SMA50 durante 5 sesiones seguidas', 'Fuerza relativa rompiendo: RS-line bajo su SMA50 durante 5 sesiones seguidas']","['No extendida (-1% sobre SMA50)', 'Fuerza relativa alta (RS 94/100)']",['Sin breakout reciente sobre resistencia'],"['Revisiones de analistas a la baja', 'Miss consistente últimos 2 trimestres', 'Margen bruto en expansión los últimos 4 trimestres']",-0.009958619540287254,29.979999542236328,8.430000305175781
ARES,Financial Services,XLF,SALIDA,123.86000061035156,1.3565891472868217,20.0,11.11111111111111,0,24.320413436692508,13.398058252427184,False,True,True,False,True,['Fuerza relativa rompiendo: RS-line bajo su SMA50 durante 5 sesiones seguidas'],"['No extendida (12% sobre SMA50)', 'Línea de fuerza relativa en máximos']","['Precio por debajo de SMA150 o SMA200', 'Medias móviles no alineadas alcistas', 'SMA200 sin pendiente alcista', 'Lejos del máximo de 52 semanas', 'Fuerza relativa insuficiente (RS 13)', 'Breakout sin confirmación de volumen']","['Revisiones de analistas al alza', 'Miss consistente últimos 2 trimestres', 'Margen bruto en expansión los últimos 4 trimestres']",0.12219711077421179,187.76791381835938,95.20386505126953
WMT,Consumer Defensive,XLP,SALIDA,130.0800018310547,5.426356589147287,0.0,16.666666666666664,0,23.837209302325583,72.81553398058253,True,True,False,False,True,"['Fuerza relativa rompiendo: RS-line bajo su SMA50 durante 5 sesiones seguidas', 'Fuerza relativa rompiendo: RS-line bajo su SMA50 durante 5 sesiones seguidas']","['Patrón de tendencia alcista (Stage 2)', 'No extendida (3% sobre SMA50)']","['Fuerza relativa insuficiente (RS 73)', 'Sin breakout reciente sobre resistencia']",[],0.0328115114166786,133.61578369140625,93.64690399169922
ALB,Basic Materials,XLB,SALIDA,192.61000061035156,2.5193798449612403,-20.0,33.33333333333333,0,23.34108527131783,96.89320388349515,True,True,False,False,True,['Fuerza relativa rompiendo: RS-line bajo su SMA50 durante 5 sesiones seguidas'],"['Patrón de tendencia alcista (Stage 2)', 'No extendida (7% sobre SMA50)', 'Fuerza relativa alta (RS 97/100)']",['Sin breakout reciente sobre resistencia'],['Margen bruto en contracción'],0.07185780596910786,215.6199951171875,54.13961410522461
NVR,Consumer Cyclical,XLY,SALIDA,6099.7998046875,17.248062015503876,-40.0,22.22222222222222,0,22.95478036175711,11.844660194174757,False,True,False,False,True,"['Stop ATR roto: cierre 6099.80 < trailing stop 6636.32', 'Fuerza relativa rompiendo: RS-line bajo su SMA50 durante 5 sesiones seguidas', 'Fuerza relativa rompiendo: RS-line bajo su SMA50 durante 5 sesiones seguidas']",['No extendida (-9% sobre SMA50)'],"['Precio por debajo de SMA150 o SMA200', 'Medias móviles no alineadas alcistas', 'SMA200 sin pendiente alcista', 'Lejos del máximo de 52 semanas', 'Fuerza relativa insuficiente (RS 12)', 'Sin breakout reciente sobre resistencia']","['Revisiones de analistas a la baja', 'Margen bruto en contracción']",-0.08670220620592178,8543.0,5932.1201171875
INSM,Healthcare,XLV,SALIDA,137.08999633789062,0.9689922480620154,20.0,5.555555555555555,0,22.776485788113696,65.0485436893204,False,True,False,False,True,"['Stop ATR roto: cierre 137.09 < trailing stop 148.26', 'Fuerza relativa rompiendo: RS-line bajo su SMA50 durante 5 sesiones seguidas', 'Fuerza relativa rompiendo: RS-line bajo su SMA50 durante 5 sesiones seguidas']",['No extendida (-6% sobre SMA50)'],"['Precio por debajo de SMA150 o SMA200', 'Medias móviles no alineadas alcistas', 'Lejos del máximo de 52 semanas', 'Fuerza relativa insuficiente (RS 65)', 'Sin breakout reciente sobre resistencia']","['Revisiones de analistas al alza', 'Miss consistente últimos 2 trimestres', 'Margen bruto en expansión los últimos 4 trimestres']",-0.06093222846521645,211.41000366210938,65.08000183105469
SBUX,Consumer Cyclical,XLY,SALIDA,106.44000244140625,6.2015503875969,-20.0,22.22222222222222,0,22.036175710594314,76.31067961165049,True,True,False,False,True,['Fuerza relativa rompiendo: RS-line bajo su SMA50 durante 5 sesiones seguidas'],"['Patrón de tendencia alcista (Stage 2)', 'No extendida (9% sobre SMA50)']","['Fuerza relativa insuficiente (RS 76)', 'Sin breakout reciente sobre resistencia']",['Margen bruto en contracción'],0.09286029022440528,106.44000244140625,77.39810180664062
BRK-B,Financial Services,XLF,SALIDA,469.8299865722656,3.6821705426356592,0.0,11.11111111111111,0,21.75064599483204,29.902912621359224,False,True,False,False,True,"['Fuerza relativa rompiendo: RS-line bajo su SMA50 durante 5 sesiones seguidas', 'Fuerza relativa rompiendo: RS-line bajo su SMA50 durante 5 sesiones seguidas']",['No extendida (-2% sobre SMA50)'],"['Precio por debajo de SMA150 o SMA200', 'Medias móviles no alineadas alcistas', 'SMA200 sin pendiente alcista', 'Fuerza relativa insuficiente (RS 30)', 'Sin breakout reciente sobre resistencia']",[],-0.022856408644750394,518.219970703125,459.1099853515625
LYB,Basic Materials,XLB,SALIDA,73.4800033569336,6.976744186046512,-40.0,33.33333333333333,0,21.624031007751938,89.32038834951457,True,True,False,False,True,['Fuerza relativa rompiendo: RS-line bajo su SMA50 durante 5 sesiones seguidas'],"['Patrón de tendencia alcista (Stage 2)', 'No extendida (3% sobre SMA50)', 'Fuerza relativa alta (RS 89/100)']",['Sin breakout reciente sobre resistencia'],"['Revisiones de analistas a la baja', 'Margen bruto en contracción']",0.02591203920947235,82.37999725341797,40.700679779052734
BAX,Healthcare,XLV,SALIDA,16.979999542236328,15.503875968992247,-20.0,5.555555555555555,0,21.59043927648579,8.54368932038835,False,True,False,False,True,"['Stop ATR roto: cierre 16.98 < trailing stop 17.02', 'Fuerza relativa rompiendo: RS-line bajo su SMA50 durante 5 sesiones seguidas', 'Fuerza relativa rompiendo: RS-line bajo su SMA50 durante 5 sesiones seguidas']",['No extendida (-4% sobre SMA50)'],"['Precio por debajo de SMA150 o SMA200', 'Medias móviles no alineadas alcistas', 'SMA200 sin pendiente alcista', 'Lejos del máximo de 52 semanas', 'Fuerza relativa insuficiente (RS 9)', 'Sin breakout reciente sobre resistencia']",['Margen bruto en contracción'],-0.03890764652806699,31.466880798339844,15.800000190734863
PGR,Financial Services,XLF,SALIDA,196.8000030517578,3.10077519379845,0.0,11.11111111111111,0,21.518087855297157,22.135922330097088,False,True,False,False,True,"['Fuerza relativa rompiendo: RS-line bajo su SMA50 durante 5 sesiones seguidas', 'Fuerza relativa rompiendo: RS-line bajo su SMA50 durante 5 sesiones seguidas']",['No extendida (-3% sobre SMA50)'],"['Precio por debajo de SMA150 o SMA200', 'Medias móviles no alineadas alcistas', 'SMA200 sin pendiente alcista', 'Lejos del máximo de 52 semanas', 'Fuerza relativa insuficiente (RS 22)', 'Sin breakout reciente sobre resistencia']",[],-0.029905066124823892,271.1400146484375,191.4354705810547
UNH,Healthcare,XLV,SALIDA,367.2799987792969,14.728682170542637,-20.0,5.555555555555555,0,21.280361757105943,79.6116504854369,False,True,False,False,True,['Fuerza relativa rompiendo: RS-line bajo su SMA50 durante 5 sesiones seguidas'],['No extendida (20% sobre SMA50)'],"['Medias móviles no alineadas alcistas', 'Fuerza relativa insuficiente (RS 80)', 'Sin breakout reciente sobre resistencia']",['Margen bruto en contracción'],0.20022789172404973,383.6905822753906,232.89076232910156
CAG,Consumer Defensive,XLP,SALIDA,14.069999694824219,6.782945736434108,-20.0,16.666666666666664,0,20.87984496124031,7.184466019417475,False,True,False,False,True,"['Stop ATR roto: cierre 14.07 < trailing stop 14.35', 'Fuerza relativa rompiendo: RS-line bajo su SMA50 durante 5 sesiones seguidas', 'Fuerza relativa rompiendo: RS-line bajo su SMA50 durante 5 sesiones seguidas']",['No extendida (-9% sobre SMA50)'],"['Precio por debajo de SMA150 o SMA200', 'Medias móviles no alineadas alcistas', 'SMA200 sin pendiente alcista', 'Lejos del máximo de 52 semanas', 'Fuerza relativa insuficiente (RS 7)', 'Sin breakout reciente sobre resistencia']",['Margen bruto en contracción'],-0.09063395922047925,21.48999786376953,13.743443489074707
ALNY,Healthcare,XLV,SALIDA,303.0,4.844961240310078,0.0,5.555555555555555,0,20.82687338501292,15.145631067961165,False,True,False,False,True,"['Stop ATR roto: cierre 303.00 < trailing stop 307.09', 'Fuerza relativa rompiendo: RS-line bajo su SMA50 durante 5 sesiones seguidas', 'Fuerza relativa rompiendo: RS-line bajo su SMA50 durante 5 sesiones seguidas']",['No extendida (-5% sobre SMA50)'],"['Precio por debajo de SMA150 o SMA200', 'Medias móviles no alineadas alcistas', 'SMA200 sin pendiente alcista', 'Lejos del máximo de 52 semanas', 'Fuerza relativa insuficiente (RS 15)', 'Sin breakout reciente sobre resistencia']","['Revisiones de analistas al alza', 'Margen bruto en contracción']",-0.04635651368244507,491.2200012207031,251.14999389648438
F,Consumer Cyclical,XLY,SALIDA,12.170000076293945,0.7751937984496124,-20.0,22.22222222222222,0,19.865633074935403,43.49514563106796,False,True,False,False,True,"['Fuerza relativa rompiendo: RS-line bajo su SMA50 durante 5 sesiones seguidas', 'Fuerza relativa rompiendo: RS-line bajo su SMA50 durante 5 sesiones seguidas']",['No extendida (-1% sobre SMA50)'],"['Precio por debajo de SMA150 o SMA200', 'Medias móviles no alineadas alcistas', 'Fuerza relativa insuficiente (RS 43)', 'Sin breakout reciente sobre resistencia']",['Margen bruto en contracción'],-0.005068665166773086,14.430000305175781,9.63086223602295
KDP,Consumer Defensive,XLP,SALIDA,28.559999465942383,3.488372093023256,-20.0,16.666666666666664,0,19.56201550387597,31.844660194174757,False,True,False,False,True,['Fuerza relativa rompiendo: RS-line bajo su SMA50 durante 5 sesiones seguidas'],['No extendida (4% sobre SMA50)'],"['Medias móviles no alineadas alcistas', 'SMA200 sin pendiente alcista', 'Fuerza relativa insuficiente (RS 32)', 'Sin breakout reciente sobre resistencia']",['Margen bruto en contracción'],0.0436953117541988,34.29621124267578,24.8725643157959
MCK,Healthcare,XLV,SALIDA,743.6699829101562,9.883720930232558,-20.0,5.555555555555555,0,19.342377260981912,31.06796116504854,False,True,False,True,True,"['Cierre por debajo de SMA50 (743.67 < 883.49) con volumen 3.5x', 'Stop ATR roto: cierre 743.67 < trailing stop 822.86', 'Fuerza relativa rompiendo: RS-line bajo su SMA50 durante 5 sesiones seguidas', 'Fuerza relativa rompiendo: RS-line bajo su SMA50 durante 5 sesiones seguidas']",['No extendida (-16% sobre SMA50)'],"['Precio por debajo de SMA150 o SMA200', 'Lejos del máximo de 52 semanas', 'Fuerza relativa insuficiente (RS 31)', 'Sin breakout reciente sobre resistencia']",['Margen bruto en contracción'],-0.1582564695585471,995.6900024414062,657.0642700195312
BMY,Healthcare,XLV,SALIDA,56.59000015258789,5.038759689922481,-20.0,5.555555555555555,0,17.40439276485788,66.2135922330097,False,True,False,False,True,"['Stop ATR roto: cierre 56.59 < trailing stop 56.62', 'Fuerza relativa rompiendo: RS-line bajo su SMA50 durante 5 sesiones seguidas', 'Fuerza relativa rompiendo: RS-line bajo su SMA50 durante 5 sesiones seguidas']",['No extendida (-4% sobre SMA50)'],"['Fuerza relativa insuficiente (RS 66)', 'Sin breakout reciente sobre resistencia']",['Margen bruto en contracción'],-0.04013387027394408,61.73346710205078,41.67275619506836
MSFT,Technology,XLK,INELIGIBLE,413.9599914550781,42.054263565891475,20.0,88.88888888888889,4,60.04392764857881,22.9126213592233,False,True,False,False,True,['Fuerza relativa rompiendo: RS-line bajo su SMA50 durante 5 sesiones seguidas'],['No extendida (4% sobre SMA50)'],"['Precio por debajo de SMA150 o SMA200', 'Medias móviles no alineadas alcistas', 'SMA200 sin pendiente alcista', 'Fuerza relativa insuficiente (RS 23)', 'Sin breakout reciente sobre resistencia']","['Revisiones de analistas al alza', 'Beat consistente últimos 2 trimestres', 'Margen bruto en contracción']",0.041472714592214514,539.8251953125,356.7699890136719
